Landing Page,Dark Traffic Status
/basket.html,0
/store.html,0
/home,0
(not set),0
/asearch.html,0
/google+redesign/accessories,0
/google+redesign/accessories/electronic+accessories,1
/google+redesign/accessories/fun,0
/google+redesign/accessories/google+clear+framed+yellow+shades,1
/google+redesign/accessories/google+laptop+sleeve+charcoal,1
/google+redesign/accessories/noogler+android+figure+2019,1
/google+redesign/accessories/stickers+and+decals/home,1
/google+redesign/apparel,0
/google+redesign/apparel/android+tone+hoodie+black,1
/google+redesign/apparel/android+youth+diamond+tee,1
/google+redesign/apparel/google+bike+tee+navy,1
/google+redesign/apparel/google+fc+longsleeve+ash,1
/google+redesign/apparel/google+fc+longsleeve+charcoal,1
/google+redesign/apparel/google+google+summer19+crew+grey,1
/google+redesign/apparel/google+infant+charcoal+onesie,1
/google+redesign/apparel/google+mens+discovery+lt+rain+shell,1
/google+redesign/apparel/google+mens+kirkland+pullover,1
/google+redesign/apparel/google+tee+fc+black,1
/google+redesign/apparel/google+tee+white,1
/google+redesign/apparel/google+unisex+eco+tee+black,1
/google+redesign/apparel/google+unisex+google+striped+tee+white,1
/google+redesign/apparel/google+womens+discovery,1
/google+redesign/apparel/google+zip+hoodie+fc,1
/google+redesign/apparel/headgear,0
/google+redesign/apparel/kids,0
/google+redesign/apparel/kids/kids+infant,0
/google+redesign/apparel/kids/kids+toddler,0
/google+redesign/apparel/kids/kids+youth,0
/google+redesign/apparel/mens,0
/google+redesign/apparel/mens/mens+t+shirts,0
/google+redesign/apparel/mens/mens+t+shirts/quickview,0
/google+redesign/apparel/mens/mens+warm+gear,0
/google+redesign/apparel/socks,0
/google+redesign/apparel/womens,0
/google+redesign/apparel/womens/womens+t+shirts,0
/google+redesign/apparel/womens/womens+warm+gear,0
/google+redesign/apparel/youtube+icon+tee+charcoal,1
/google+redesign/apparel/youtube+tee+black,1
/google+redesign/apparel/youtube+twill+cap+sandwich+black,1
/google+redesign/bags,0
/google+redesign/bags/backpacks//quickview,0
/google+redesign/bags/backpacks/home,0
/google+redesign/bags/google+google+campus+bike+tote+navy,1
/google+redesign/bags/google+incognito+flap+pack,1
/google+redesign/bags/google+incognito+zip+pack,1
/google+redesign/bags/google+large+tote+white,1
/google+redesign/bags/google+utility+backpack,1
/google+redesign/bags/google+utility+bag+grey,1
/google+redesign/bags/more+bags,1
/google+redesign/bags/quickview,0
/google+redesign/bags/shopping+and+totes,0
/google+redesign/drinkware,0
/google+redesign/drinkware/android+25oz+gear+cap+bottle+white,1
/google+redesign/drinkware/google+16oz+tumbler+blue,1
/google+redesign/drinkware/google+camp+mug+ivory,1
/google+redesign/drinkware/google+hub+mug+white,1
/google+redesign/drinkware/google+perk+thermal+cup,1
/google+redesign/drinkware/google+thermal+bottle+white+with+box,1
/google+redesign/drinkware/mugs+tumblers,0
/google+redesign/drinkware/mugs+tumblers/quickview,0
/google+redesign/drinkware/play+black+force+17+oz+bottle,1
/google+redesign/drinkware/water+bottles,0
/google+redesign/drinkware/youtube+25oz+gear+cap+bottle+black,1
/google+redesign/drinkware/youtube+buoy+bottle,0
/google+redesign/drinkware/youtube+play+mug,0
/google+redesign/electronics,0
/google+redesign/kids/youtube+kids+onesie+white,1
/google+redesign/nest/nest-usa,0
/google+redesign/nest/nest-usa.,0
/google+redesign/new,0
/google+redesign/office,0
/google+redesign/office/google+google+pen+navy,1
/google+redesign/office/miscellaneous,0
/google+redesign/office/notebooks+journals,0
/google+redesign/office/writing/maze+pen.axd,0
/google+redesign/office/writing+instruments,0
/google+redesign/shop+by+brand,0
/google+redesign/shop+by+brand/android,0
/google+redesign/shop+by+brand/google,0
/google+redesign/shop+by+brand/waze+baby+on+board+window+decal.axd,1
/google+redesign/shop+by+brand/youtube,0
/google+redesign/wearables/men+s+t-shirts,0
/myaccount.html?mode=billingaddress,0
/myaccount.html?mode=vieworder,0
/myaccount.html?mode=vieworderdetail,0
/new/new-accessories/home,0
/new/new-apparel/home,0
/new/new-bags/home,0
/new/new-drinkware/home,0
/new/new-office/home,0
/signin.html,0
/store-policies/frequently-asked-questions/home,0
/store-policies/return-policy/home,0
/store-policies/shipping-information/home,0
/store-policies/terms-of-use/home,0
/store.html/quickview,0
/storeitem.html,0
/asearch.html/home,0
/eco/android+window+pad+notebook.axd,0
/google redesign/apparel/men s/men s outerwear,0
/google+redesign/accessories/android+super+hero+3d+framed+art,1
/google+redesign/accessories/google+lip+balm+sanitizer+duo,1
/google+redesign/accessories/google+mouse+pad+navy,1
/google+redesign/accessories/google+pride+sticker,1
/google+redesign/apparel/android+womens+peace+tee+black,1
/google+redesign/apparel/android+youth+diamond+tee,1
/google+redesign/apparel/android+youth+explorer+tee,1
/google+redesign/apparel/google+campus+bike+eco+tee+navy,1
/google+redesign/apparel/google+google+crew+combed+cotton+sock,1
/google+redesign/apparel/google+google+kids+playful+tee,0
/google+redesign/apparel/google+mens+discovery+lt+rain+shell,1
/google+redesign/apparel/google+toddler+fc+zip+hoodie,0
/google+redesign/apparel/google+trucker+hat+black,1
/google+redesign/apparel/google+unisex+google+striped+tee+white,1
/google+redesign/apparel/google+unisex+pride+eco-tee+black,1
/google+redesign/apparel/google+unisex+ringer+tee,0
/google+redesign/apparel/google+womens+outpost+vest,1
/google+redesign/apparel/google+womens+tee+fc+black,0
/google+redesign/apparel/google+youth+jumbo+print+tee+white,0
/google+redesign/apparel/kids/kids+infant/quickview,0
/google+redesign/apparel/youtube+icon+tee+charcoal,1
/google+redesign/apparel/youtube+leather+strap+hat+black,1
/google+redesign/apparel/youtube+standards+zip+hoodie+black,1
/google+redesign/apparel/youtube+transmission+journal+red,1
/google+redesign/bags/google+incognito+messenger+bag,0
/google+redesign/bags/google+mesh+bag+blue,1
/google+redesign/bags/google+packable+bag+black,1
/google+redesign/bags/quickview,0
/google+redesign/drinkware/google+16oz+tumbler+blue,1
/google+redesign/drinkware/water+bottles/quickview,0
/google+redesign/drinkware/youtube+25oz+gear+cap+bottle+black,1
/google+redesign/electronics/accessories/keyboard+dot+sticker.axd,1
/google+redesign/gift+cards,0
/google+redesign/kids/google+standard+onesie+grey,1
/google+redesign/kids/youtube+kids+onesie+white,1
/google+redesign/kids/youtube+kids+tee+white,1
/google+redesign/nest/nest+hello+usa,1
/google+redesign/office/android+notebook+set+black,1
/google+redesign/office/google+google+confetti+slim+task+pad,1
/google+redesign/office/google+google+pen+navy,1
/google+redesign/office/google+pen+red,1
/google+redesign/office/google+phone+stand+bamboo,1
/google+redesign/shop+by+brand/home,0
/shop.axd/sitemap,0
/storeitem.html,0
/yourinfo.html/home,0
/google+redesign/drinkware/google+thermal+bottle+white+with+box,1
/shop.axd/cart,0
/google+redesign/apparel/google+fc+longsleeve+charcoal,1
/google+redesign/apparel/google+mens+microfleece+jacket+black,1
/google+redesign/apparel/google+tee+fc+black,1
/google+redesign/accessories/youtube+small+sticker+sheet,1
/google+redesign/office/writing/google+stylus+pen+w+led+light.axd,1
/google+redesign/wearables/men+s+t-shirts/home,0
/google+redesign/bags/google+incognito+flap+pack,0
/google+redesign/apparel/google+dino+game+tee,1
/eco/organic+basic+t-shirt.axd,0
/google+redesign/accessories/google+clear+framed+blue+shades,1
/google+redesign/apparel/google+tonal+tee+coral,1
/google+redesign/brands/youtube/home,0
/google+redesign/drinkware/campus+corkbase+mug+blue,1
/google+redesign/drinkware/youtube+play+mug,0
/google+redesign/apparel/google+unisex+google+jumbo+print+tee+white,1
/google+redesign/bags/google+flat+front+bag+grey,1
/google+redesign/drinkware/google+perk+thermal+cup,1
/google+redesign/drinkware/play+black+force+17+oz+bottle,1
/google+redesign/accessories/google+laptop+sleeve+charcoal,1
/google+redesign/accessories/google+magnet,0
/google+redesign/electronics,0
/eco/organic+cotton+toddler+tee+-+white.axd,1
/google+redesign/accessories/google+chrome+dinosaur+collectible,1
/google+redesign/accessories/google+wallet+stand+black,1
/google+redesign/apparel/google+infant+charcoal+onesie,1
/google+redesign/apparel/google+leather+strap+hat+black,1
/google+redesign/apparel/google+tee+dark+blue,1
/google+redesign/apparel/men++s/men++s+t+shirts,1
/google+redesign/bags/google+google+color+block+tote+white,1
/google+redesign/bags/google+zipper+front+sports+bag.axd,1
/google+redesign/brands/youtube/infant+shoulder+bodysuit.axd,0
/google+redesign/drinkware/campus+corkbase+mug+purple,1
/google+redesign/electronics/accessories/google+electronics+accessory+pouch.axd,0
/google+redesign/office/google+clear+pen+4pack,0
/ordercompleted.html,0
/google+redesign/bags/google+utility+backpack,0
/google+redesign/office/writing/maze+pen.axd,0
/store-policies/return-policy/home,0
/google+redesign/lifestyle/fun/malibu+sunglasses.axd,1
/google+redesign/bags/google+google+campus+bike+tote+navy,1
/google+redesign/bags/more+bags,0
/google+redesign/office,0
/google+redesign/accessories/android+puzzlebot+v2,1
/google+redesign/accessories/fun/quickview,0
/google+redesign/apparel/google+tee+red,1
/google+redesign/drinkware/android+25oz+gear+cap+bottle+white,1
/google+redesign/drinkware/google+adventure+bottle+black,1
/google+redesign/office/google+pen+white,1
/google+redesign/shop+by+brand,0
/store-policies/frequently-asked-questions/home,0
/google+redesign/apparel/google+crew+grey,1
/myaccount.html?mode=vieworderdetail,0
/google+redesign/office/stickers/google+laptop+and+cell+phone+stickers.axd,0
/google+redesign/drinkware/google+thermal+tumbler+navy,1
/google+redesign/accessories/google+campus+bike,0
/google+redesign/drinkware/google+canteen+bottle+black,1
/myaccount.html?mode=vieworder,0
/google+redesign/apparel/youtube+tee+black,1
/asearch.html,0
/eco/organic+cotton+infant+bodysuit+-+white.axd,1
/google+redesign/accessories/google+bot,0
/google+redesign/apparel/google+twill+cap+charcoal,1
/google+redesign/bags/google+large+tote+white,1
/myaccount.html?mode=giftcertcodes_local,0
/new/new-drinkware//quickview,0
/store-policies/terms-of-use/home,0
/google+redesign/accessories/noogler+android+figure+2019,1
/google+redesign/drinkware,0
/google+redesign/apparel/google+tudes+recycled+tee,1
/google+redesign/shop+by+brand/google,0
/google+redesign/nest/nest-usa,0
/google+redesign/accessories/google+see+no+hear+no+set,1
/google+redesign/shop+by+brand/youtube,0
/google+redesign/bags/google+utility+bag+grey,1
/google+redesign/office/notebooks+journals/google+metallic+notebook+set.axd,1
/store-policies/shipping-information/home,0
/google+redesign/office/notebooks+journals,0
/google+redesign/apparel/mens/mens+warm+gear,1
/google+redesign/apparel/android+toddler+circle+tee,1
/google+redesign/apparel/google+crew+socks,0
/google+redesign/apparel/womens/womens+t+shirts/quickview,0
/google+redesign/shop+by+brand/waze+dress+socks.axd,1
/google+redesign/accessories/stickers+and+decals/home,1
/google+redesign/shop+by+brand/android,0
/google+redesign/apparel/google+black+tee,1
/google+redesign/apparel/google+google+premium+sunglasses,0
/google+redesign/office/quickview,0
/google+redesign/bags/google+incognito+zip+pack,0
/google+redesign/apparel/womens/womens+warm+gear,1
/google+redesign/bags,0
/google+redesign/accessories/electronic+accessories/quickview,0
/google+redesign/accessories/other/home,0
/google+redesign/apparel/android+dino+buddies+tee+grey,1
/google+redesign/apparel/google+unisex+google+pocket+tee+grey,1
/google+redesign/apparel/google+youth+fc+longsleeve+charcoal,1
/google+redesign/apparel/men++s,0
/google+redesign/office/writing+instruments,0
/google+redesign/office/writing+instruments/quickview,0
/google+redesign/shop+by+brand/youtube/quickview,0
/new/new-bags//quickview,0
/google+redesign/accessories,0
/google+redesign/apparel/kids/kids+toddler,0
/google+redesign/apparel/google+bike+tee+navy,1
/google+redesign/new,0
/google+redesign/accessories/electronic+accessories,0
/google+redesign/apparel/mens/mens+t+shirts,0
/google+redesign/accessories/google+clear+framed+yellow+shades,1
/google+redesign/apparel/google+tee+blue,1
/google+redesign/kids/google+protector+onesie+navy,1
/google+redesign/shop+by+brand/waze+baby+on+board+window+decal.axd,0
/google+redesign/drinkware/google+hub+mug+white,1
/google+redesign/apparel/android+tone+hoodie+black,1
/google+redesign/apparel/kids/kids+infant,0
/store.html,0
/google+redesign/bags/google+bike+mini+backpack,0
/google+redesign/apparel/kids,0
/google+redesign/drinkware/water+bottles,0
/google+redesign/apparel/socks,0
/google+redesign/apparel,0
/google+redesign/office/miscellaneous,0
/google+redesign/apparel/mens/mens+t+shirts/quickview,0
/google+redesign/apparel/google+tee+white,1
/google+redesign/apparel/android+skate+kids+tee,0
/google+redesign/apparel/womens/womens+t+shirts,0
/google+redesign/office/google+light+up+pen+yellow,1
/google+redesign/shop+by+brand/google/quickview,0
/google+redesign/apparel/mens,0
/home,0
/google+redesign/bags/backpacks/home,0
/google+redesign/apparel/android+dino+buddies+tee+green,1
/basket.html,0
/google+redesign/drinkware/google+camp+mug+ivory,1
/google+redesign/apparel/google+zip+hoodie+black,1
/google+redesign/apparel/womens,0
/new/new-apparel/home,0
/new/new-drinkware/home,0
/new/new-office/home,0
/signin.html,0
/asearch.html/quickview,0
/google+redesign/shop+by+brand/android/quickview,0
/google+redesign/accessories/fun,0
/google+redesign/apparel/google+unisex+eco+tee+black,1
/register.html,0
/google+redesign/apparel/youtube+wordmark+crew+grey,1
/new/new-accessories/home,0
/eco/organic+me-to-we+tee.axd,0
/google+redesign/apparel/google+grey+tee,1
/google+redesign/apparel/google+womens+grid+zip+up,0
/google+redesign/apparel/google+zip+hoodie+fc,0
/google+redesign/apparel/womens/quickview,0
/google+redesign/apparel/google+google+red+kids+sunglasses,1
/google+redesign/apparel/youtube+twill+cap+sandwich+black,1
/myaccount.html?mode=billingaddress,0
/google+redesign/lifestyle/fun/google+kick+ball.axd,1
/google+redesign/accessories/google+separating+keyring,0
/google+redesign/apparel/headgear,0
/google+redesign/apparel/google+flower+onesie+purple,1
/new/new-bags/home,0
/google+redesign/drinkware/mugs+tumblers,0
/google+redesign/accessories/google+cloth+pouch+black,1
/google+redesign/apparel/mens/mens+warm+gear/quickview,0
/google+redesign/drinkware/google+24oz+ring+bottle+blue,1
/store.html/quickview,0
/google+redesign/apparel/headgear/google+twill+cap+b.axd,0
/google+redesign/bags/shopping+and+totes,0
/google+redesign/accessories/android+techie+3d+framed+art,1
/google+redesign/drinkware/quickview,0
/google+redesign/nest/nest+usa+/nest+cam+iq+outdoor+usa.axd,1
/google+redesign/office/google+google+campus+bike+grid+task+pad,1
/new/new-office//quickview,0
/google+redesign/bags/backpacks//quickview,0
/google+redesign/apparel/kids/kids+youth,0
/google+redesign/apparel/google+womens+white+tee,1
/google+redesign/apparel/google+unisex+3+4+raglan+red,1
/google+redesign/apparel/youtube+crew+socks,0
/google+redesign/apparel/im+not+robot+tee+white,1
/google+redesign/office/notebooks/home,0
/google+redesign/office/youtube+pen+2pack,0
/google+redesign/accessories/mini+android+collectible+figure+series+7,0
/google+redesign/apparel/women+s+t+shirt/google+womens+scoop+neck+tee+white.axd,1
/google+redesign/drinkware/mugs+tumblers/quickview,0
/google+redesign/apparel/google+youth+fc+pullover+hoodie,1
/google+redesign/nest/nest-usa.,0
/google+redesign/apparel/google+google+summer19+crew+grey,1
/google+redesign/office/stickers/google+doodle+decal.axd,1
/registersuccess.html,0
/google+redesign/apparel/mens/quickview,0
/google+redesign/apparel/google+tonal+tee+fog,1
/google+redesign/apparel/google+womens+discovery,0
/wishlist.html,0
/google+redesign/apparel/android+diamond+tee,1
/google+redesign/apparel/google+leather+strap+hat+blue,1
/asearch.html/home,0
/google redesign/apparel/women s/women s t shirts/google womens short sleeve hero tee.axd,1
/google+redesign/accessories/android+small+removable+sticker+sheet,1
/google+redesign/accessories/drinkware/veranda+2+glass+bottle.axd,1
/google+redesign/accessories/google+cloth+pouch+black,1
/google+redesign/accessories/google+laptop+sleeve+charcoal,1
/google+redesign/accessories/google+lip+balm+sanitizer+duo,1
/google+redesign/accessories/google+pride+sticker,1
/google+redesign/accessories/tiny+tiny+dancers,1
/google+redesign/accessories/youtube+small+sticker+sheet,1
/google+redesign/apparel/android+dino+buddies+tee+grey,1
/google+redesign/apparel/android+leather+strap+hat+black,1
/google+redesign/apparel/android+youth+diamond+tee,1
/google+redesign/apparel/google+crew+socks,1
/google+redesign/apparel/google+google+kids+playful+tee,1
/google+redesign/apparel/google+tee+dark+blue,1
/google+redesign/apparel/google+toddler+fc+tee+charcoal,1
https://www.alibaba.com/product-detail/high-quality-motor-engine-fuel-filter_62208603118.html?spm=a271j.12369701.jxn6n6qe.33.38db7035l73bDg,1
https://www.alibaba.com/product-detail/High-end-sale-at-competitive-price_60360985291.html?spm=a271j.12369701.jxn6n6qe.39.38db7035l73bDg,1
https://www.alibaba.com/product-detail/9X5-cattle-crate-trailer-2000kg-GVW_62200654081.html?spm=a271j.12369701.jxn6n6qe.45.38db7035l73bDg,1
https://www.alibaba.com/product-detail/BEST-OEM-Supplier-4-inch-Car_60838936982.html?spm=a271j.12369701.jxn6n6qe.52.38db7035l73bDg,1
https://www.alibaba.com/Vehicles-Accessories_p34?spm=a2700.8293689.201703.2.293b65aapDiFBf,0
https://www.alibaba.com/product-detail/Wholesale-fashion-2-seats-two-wheel_60766280720.html?spm=a271j.12369701.jxn6n6qe.58.38db7035l73bDg,1
https://www.alibaba.com/product-detail/China-manufacturer-4x2-howo-cargo-truck_60732688742.html?spm=a271j.12369701.jxn6n6qe.80.38db7035l73bDg,1
https://www.alibaba.com/product-detail/howo-sinotruk-371-20-cubic-meters_60814296523.html?spm=a271j.12369701.jxn6n6qe.87.38db7035l73bDg,1
https://www.alibaba.com/?src=sem_ggl&cmpgn=678190955&adgrp=34276573373&fditm=&tgt=kwd-14739453&locintrst=&locphyscl=1007710&mtchtyp=e&ntwrk=g&device=c&dvcmdl=&creative=148007444336&plcmnt=&plcmntcat=&p1=&p2=&aceid=&position=1t1&gclid=CjwKCAjwm4rqBRBUEiwAwaWjjOwV8-5CIBMmV--5IoUFaIvwZ8IP7jTTZL661bIBKzujIGuLw0BfshoC2uMQAvD_BwE,0
https://www.alibaba.com/product-detail/custom-Cute-new-design-Keychain-Sushi_62042546594.html?spm=a2700.galleryofferlist.normalList.11.5f1a5475HaxmJH&s=p,1
https://www.alibaba.com/catalog/action-figure_cid2621?spm=a2700.8270666-26.right-recommend.9.38dc50c0qBOuOC,0
https://www.alibaba.com/product-detail/Custom-design-cartoon-vinyl-toy-manufacturer_60004365605.html?spm=a2700.galleryofferlist.normalList.34.5f1a5475HaxmJH&s=p,1
https://www.alibaba.com/product-detail/Custom-made-japanese-pvc-anime-cup_60711853229.html?spm=a2700.galleryofferlist.normalList.1.5f1a5475HaxmJH&s=p,1
https://www.alibaba.com/product-detail/Wargame-High-quality-character-miniatures-figures_60765539201.html?spm=a2700.galleryofferlist.normalList.68.5f1a5475HaxmJH&s=p,1
https://www.alibaba.com/Toys-Hobbies_p26?spm=a2700.8293689.201703.5.293b65aapDiFBf,0
https://www.alibaba.com/Apparel_p3?spm=a2700.8293689.201703.7.293b65aapDiFBf,0
https://activity.alibaba.com/scenes/mid_year_sale/new_arrivals.html?spm=a272h.12372040.jx2yf63g.4.26815b91AQsRRb&tracelog=20190801_ICBU-PC-CATEGORY-NEW__Q&topOfferIds=60690000379&productIds=60690000379&deliveryId=218001_90359801_STOCK_9_94089827&categoryIds=3,0
https://www.alibaba.com/product-detail/New-Women-s-Sleeveless-Slim-Soft_62061067290.html?spm=a27aq.13034459.n2hqwrn2p.13.303c3b81OPJc6C,1
https://www.alibaba.com/product-detail/Top-Selling-Plus-Size-Printed-Patchwork_60411073115.html?spm=a27aq.13034459.n2hqwrn2p.23.303c3b81OPJc6C,1
https://www.alibaba.com/product-detail/Real-sample-customized-v-neck-beaded_60680287905.html?spm=a27aq.13034459.n2hqwrn2p.25.303c3b81OPJc6C,1
https://www.alibaba.com/product-detail/Women-Pregnant-Evening-Party-Dress-Nursing_60509206295.html?spm=a27aq.13034459.n2hqwrn2p.29.303c3b81OPJc6C,1
https://www.alibaba.com/product-detail/New-Fashion-OL-Women-Ladies-Office_60821886884.html?spm=a27aq.13034459.n2hqwrn2p.43.303c3b81OPJc6C,1
https://www.alibaba.com/products/Bra_%2526_Brief_Sets/CID100005813.html?spm=a272h.12372040.channel_image_category.2.26815b91AQsRRb&IndexArea=product_en&viewtype=L,0
https://www.alibaba.com/products/girl_dress/CID100005782.html?spm=a272h.12372040.channel_image_category.4.26815b91AQsRRb&IndexArea=product_en&viewtype=L,0
https://www.alibaba.com/products/Fitness_%2526_Yoga_Wear/CID100003339.html?spm=a272h.12372040.channel_image_category.7.26815b91AQsRRb&IndexArea=product_en&viewtype=L,0
https://www.alibaba.com/product-detail/yoga-Fitness-Gym-Leggings-sexy-sport_60780064904.html?spm=a2700.7724838.2017115.1.595f6040bz71As&s=p,1
https://www.alibaba.com/product-detail/Custom-logo-Mesh-Compression-Yoga-Wears_60791646168.html?spm=a2700.7724838.2017115.25.595f6040bz71As&s=p,1
https://www.alibaba.com/catalog/active-components_cid4001?spm=a272h.12481192.channel_image_category.3.2de715c1floR21,0
https://www.alibaba.com/product-detail/Hall-chassis-height-sensor-housing_60426772364.html?spm=a2700.galleryofferlist.normalList.13.213543beb7ayts&s=p,1
https://www.alibaba.com/product-detail/15mm-thin-24V-PNP-NPN-relay_60721381963.html?spm=a2700.galleryofferlist.normalList.22.213543beb7ayts&s=p,1
https://www.alibaba.com/product-detail/manufacturer-direct-deal-high-precision-open_1509861742.html?spm=a2700.galleryofferlist.normalList.1.213543beb7ayts&s=p,1
https://www.alibaba.com/product-detail/NPN-PNP-TO-92-Power-Transistor_60815024652.html?spm=a2700.galleryofferlist.normalList.54.213543beb7ayts,1
https://www.alibaba.com/product-detail/BQB-Improved-HC05-wireless-bluetooth-module_60652766682.html?spm=a2700.galleryofferlist.normalList.67.213543beb7ayts,1
https://www.alibaba.com/catalog/integrated-circuits_cid400103?spm=a272h.12481192.channel_image_category.1.2de715c1floR21,0
https://www.alibaba.com/catalog/integrated-circuits_cid400103?spm=a2700.galleryofferlist.galleryFilter.26.48611b6baevSKL&clusterId=6500037511,0
https://www.alibaba.com/catalog/integrated-circuits_cid400103?spm=a2700.galleryofferlist.galleryFilter.20.48611b6bXQjk62&clusterId=6500032746,0
https://www.alibaba.com/catalog/integrated-circuits_cid400103?spm=a2700.galleryofferlist.galleryFilter.30.69f71b6b7exdNS&clusterId=6500032746;6500032776,0
https://www.alibaba.com/product-detail/Solar-Bracket-cold-rolled-c-steel_60788010174.html?spm=a2700.galleryofferlist.normalList.1.47eb134ad4dTxD&s=p,1
https://www.alibaba.com/product-detail/TBCC-API-5L-ASTM-A106-A53_60714980948.html?spm=a2700.galleryofferlist.normalList.12.47eb134ad4dTxD&s=p,1
https://www.alibaba.com/catalog/steel_cid100000300?spm=a2700.8293689.scGlobalHomeHeader.280.19e565aaXPmyv0,0
https://www.alibaba.com/product-detail/Strut-Channel-Slotted_60604412117.html?spm=a2700.galleryofferlist.normalList.21.47eb134ad4dTxD&s=p,1
https://www.alibaba.com/product-detail/Stainless-steel-vacuum-weld-tube-pipe_62111383840.html?spm=a2700.galleryofferlist.normalList.29.47eb134ad4dTxD&s=p,1
https://www.alibaba.com/product-detail/Tin-Free-Steel-TFS-for-bottle_1104756954.html?spm=a2700.galleryofferlist.normalList.40.47eb134ad4dTxD&s=p,1
https://www.alibaba.com/product-detail/STEEL-RAIL_244582179.html?spm=a2700.galleryofferlist.normalList.57.47eb134ad4dTxD&s=p,1
https://www.alibaba.com/product-detail/High-quality-c-profile-channel-stainless_60665878741.html?,1
https://www.alibaba.com/product-detail/GB-steel-grade-railroad-steel-rail_60832518783.html?,1
https://www.alibaba.com/Health-Medical_p16?spm=a2700.8293689.scGlobalHomeHeader.151.19e565aaXPmyv0,0
https://www.alibaba.com/product-detail/3-Ply-Dental-Medical-Procedure-Non_60541112326.html?spm=a272h.12447829.jpavx01i.2.46b931a8R84tJU,1
https://www.alibaba.com/catalog/medical-consumable_cid100009304?spm=a272h.12447829.channel_image_category.1.46b931a8R84tJU,0
https://www.alibaba.com/catalog/plant-extracts_cid100009244?spm=a272h.12447829.channel_image_category.3.46b931a8R84tJU,0
https://www.alibaba.com/catalog/health-care-supplement_cid100009254?spm=a272h.12447829.channel_image_category.4.46b931a8R84tJU,0
https://www.lazada.co.id/#hp-collections,0
"https://www.lazada.co.id/shop/adidas-store?spm=a2o4j.home.officialStores.3.57994ceeynMHn4&abtest=&item_id=408456879,505906269&pos=2&abbucket=&up_id=408456879,505906269&from=hp_officialstore&acm=icms-zebra-5000383-2586354.1003.1.2262903&scm=1007.17384.117575.100200300000000&version=v2&aldid=YN2klB6R",0
https://www.lazada.co.id/adidas-store/?spm=a2o4v.8553159.0.0.ac3939afyVtv0g&q=All-Products&shop_category_ids=228520&from=wangpu&sc=KVUG,0
https://www.lazada.co.id/products/adidas-running-womens-tee-own-the-run-dq2616-i428250052-s494821103.html?spm=a2o4j.seller.list.1.28f958aevIYuWD&mp=1,1
https://www.lazada.co.id/products/adidas-running-womens-tee-response-soft-graphic-dj3031-i428238769-s494812757.html?spm=a2o4j.seller.list.3.28f958aevIYuWD&mp=1,1
https://www.lazada.co.id/products/adidas-training-mens-tee-freelift-climacool-cx0195-i408464186-s452183029.html?spm=a2o4j.seller.list.33.28f958aesqSrIL&mp=1,1
https://www.lazada.co.id/products/adidas-training-womens-celana-ketat-alphaskin-sport-cf6554-i408458613-s804934159.html?spm=a2o4j.seller.list.49.28f958aesqSrIL&mp=1,1
https://www.lazada.co.id/products/adidas-mens-tee-essentials-s98732-i408457774-s452174750.html?spm=a2o4j.seller.list.59.28f958aeFz9rz0&mp=1,1
https://www.lazada.co.id/products/adidas-training-womens-tee-freelift-prime-cz8022-i408462227-s452175726.html?spm=a2o4j.seller.list.67.28f958aeFz9rz0&mp=1,1
https://www.lazada.co.id/products/adidas-running-mens-tee-own-the-run-dx1317-i505904468-s655038223.html?spm=a2o4j.seller.list.73.28f958aeFz9rz0&mp=1,1
https://pages.lazada.co.id/wow/i/id/IDCampaign/gratis-ongkos-kirim?spm=a2o4j.home.0.0.41634ceeSqi6re&hybrid=1&scm=1003.4.icms-zebra-5000383-2586260.OTHER_5944976115_4309856,1
https://www.lazada.co.id/jual-home-entertainment/?spm=a2o4j.13153845.cate_8.3.526a7920UmSkd4,0
https://www.lazada.co.id/products/free-shipping-super-deal-limited-offerblitzwolf-bw-as2-40-w-5200-mah-double-driver-wireless-bluetooth-speaker-30-w-diperkuat-ke-atas-bass-hands-free-aux-di-speaker-i428863235-s496736699.html?spm=a2o4j.searchlistcategory.list.1.3538d49c6wWJvx&search=1,1
https://www.lazada.co.id/products/lg-51ch-dvd-home-theater-dh3140s-i449606766-s533426273.html?spm=a2o4j.searchlistcategory.list.3.3538d49c6wWJvx&search=1,1
https://www.lazada.co.id/products/stok-tersedia-tpa3116-21-50wx2-100w-amplifier-papan-digital-12-24v-speaker-super-bass-i431613061-s502634323.html?spm=a2o4j.searchlistcategory.list.9.3538d49c6wWJvx&search=1,1
https://www.lazada.co.id/products/21-digital-penguat-suara-papan-tpa3116d2-speaker-subwoofer-amplifier-i430593874-s500439298.html?spm=a2o4j.searchlistcategory.list.17.3538d49c6wWJvx&search=1,1
https://www.lazada.co.id/products/kit-power-amplifier-sanken-2x400w-i443726431-s525172820.html?spm=a2o4j.searchlistcategory.list.25.3538d49c6wWJvx&search=1,1
https://www.lazada.co.id/shop-motorcycle-scooters/?spm=a2o4j.searchlistcategory.cate_12_1.1.3538d49c6wWJvx,0
https://www.lazada.co.id/products/jm-variasi-aksesoris-tutup-as-roda-motor-depan-cnc-motif-buah-naga-murah-emas-i105990146-s106840302.html?spm=a2o4j.searchlistcategory.list.1.18c520b1TricbN&search=1,1
https://www.lazada.co.id/products/new-honda-vario-125-cbs-jakarta-tangerang-i329813513-s336541801.html?spm=a2o4j.searchlistcategory.list.17.18c520b1TricbN&search=1,1
https://www.lazada.co.id/shop-motorcycle-sportbikes/?spm=a2o4j.searchlistcategory.cate_12_1.3.18c520b1TricbN,0
https://www.lazada.co.id/products/cover-list-lampu-mx-new-135cc-warna-biru-i495696314-s621148372.html?spm=a2o4j.searchlistcategory.list.1.cd3d1313SvWy1M&search=1,1
https://www.lazada.co.id/products/tailtidy-honda-cbr-250-rr-dudukan-plat-nomor-belakang-cbr-250-rr-i412121725-s458498468.html?spm=a2o4j.searchlistcategory.list.9.cd3d1313SvWy1M&search=1,1
https://www.lazada.co.id/shop-pelembab-wajah/?spm=a2o4j.searchlistcategory.cate_6_2.1.cd3d1313SvWy1M,0
https://www.lazada.co.id/beli-serum-perawatan-wajah/?spm=a2o4j.searchlistcategory.card.2.2eb1749bhBcjoy&item_id=551932550&from=onesearch_category_3593,0
https://www.lazada.co.id/products/merries-good-skin-pants-xl-26-x-4-i160028208-s181882968.html?spm=a2o4j.searchlistcategory.list.1.75001dfdYR1lbh&search=1,1
https://www.lazada.co.id/products/mamypoko-pants-x-tra-kering-standar-i414731622-s463941722.html?spm=a2o4j.searchlistcategory.list.16.75001dfdYR1lbh&search=1,1
https://www.lazada.co.id/products/tas-ransel-diaper-bag-diaper-bag-tas-bayi-tas-anak-tas-travel-tas-multifungsi-i372501373-s409870413.html?spm=a2o4j.searchlistcategory.list.23.75001dfdYR1lbh&search=1,1
https://www.lazada.co.id/products/baby-happy-pants-i421692434-s477533767.html?spm=a2o4j.searchlistcategory.list.39.75001dfdYR1lbh&search=1,1
https://www.lazada.co.id/beli-perlengkapan-mandi-tubuh/?spm=a2o4j.searchlistcategory.cate_6.4.75001dfdYR1lbh,0
https://www.lazada.co.id/products/hanasui-body-spa-peeling-gel-peluntur-daki-original-100-i450230967-s534320741.html?spm=a2o4j.searchlistcategory.list.9.4b7d2906uiofyg&search=1,1
https://www.lazada.co.id/products/scarlett-romansa-whitening-body-lotion-aman-halal-original-dan-sudah-bpom-jaminan-original-1-botol-i495736988-s621248251.html?spm=a2o4j.searchlistcategory.list.17.4b7d2906uiofyg&search=1,1
https://www.lazada.co.id/products/scarlett-whitening-pomegrante-shower-scrub-scarlett-romansa-whitening-body-lotion-i557838377-s786692100.html?spm=a2o4j.searchlistcategory.list.11.4b7d2906uiofyg&search=1,1
https://www.lazada.co.id/products/bisa-bayar-di-tempat-cod-hanasui-body-care-3-in-1-bpom-original-paket-body-lotion-hanasui-flash-sale-i606730076-s852668785.html?spm=a2o4j.searchlistcategory.list.27.4b7d2906uiofyg&search=1,1
https://www.lazada.co.id/beli-parfum-wanita/?spm=a2o4j.searchlistcategory.cate_6_7.1.4b7d2906uiofyg,0
https://www.lazada.co.id/products/evangeline-sakura-100ml-i445824400-s826050323.html?spm=a2o4j.searchlistcategory.list.17.81077cc82r6Xzb&search=1,1
https://www.lazada.co.id/products/brasov-eau-de-parfum-100-ml-sporty-black-perfume-fragrance-original-halal-edp-xx-ct-hitam-i141921634-s153663862.html?spm=a2o4j.searchlistcategory.list.33.81077cc82r6Xzb&search=1,1
https://www.lazada.co.id/jual-ban-mobil-penumpang/?spm=a2o4j.searchlistcategory.cate_12_10.1.81077cc82r6Xzb,0
https://www.lazada.co.id/jual-ban-atv-utv/?spm=a2o4j.searchlistcategory.card.2.5a35e1fcwGrcAs&item_id=169476217&from=onesearch_category_15865,0
https://www.lazada.co.id/jual-ban-truk-komersil/?spm=a2o4j.searchlistcategory.card.3.159de1fcAiQGR6&item_id=7635491&from=onesearch_category_15865,0
https://www.lazada.co.id/jual-ban-truk-kecil-suv/?spm=a2o4j.searchlistcategory.card.4.176fe1fc5EV44s&item_id=111460226&from=onesearch_category_15865,0
https://www.lazada.co.id/jual-ban-motor-home-rv/?spm=a2o4j.searchlistcategory.card.5.176fe1fc5EV44s&item_id=366477564&from=onesearch_category_15865,0
https://www.lazada.co.id/jual-ban-traktor-pertanian-peralatan-pertanian/?spm=a2o4j.searchlistcategory.card.6.176fe1fc5EV44s&item_id=117849401&from=onesearch_category_15865,0
https://www.lazada.co.id/jual-ban-trailer/?spm=a2o4j.searchlistcategory.card.7.176fe1fc5EV44s&item_id=444646604&from=onesearch_category_15865,0
https://www.lazada.co.id/beli-minuman-serbuk/?spm=a2o4j.searchlistcategory.card.2.709b4d22KEr1Bw&item_id=455858416&from=onesearch_category_9646,0
https://www.lazada.co.id/shop-kopi-3-in-1/?spm=a2o4j.searchlistcategory.card.3.709b4d22KEr1Bw&item_id=173822964&from=onesearch_category_9646,0
https://www.lazada.co.id/beli-makanan-minuman-bubuk-susu/?spm=a2o4j.searchlistcategory.card.4.709b4d22KEr1Bw&item_id=508748910&from=onesearch_category_9646,0
https://www.lazada.co.id/shop-minuman-energi/?spm=a2o4j.searchlistcategory.card.5.709b4d22KEr1Bw&item_id=203501731&from=onesearch_category_9646,0
https://www.lazada.co.id/shop-teh-hitam/?spm=a2o4j.searchlistcategory.card.6.709b4d22KEr1Bw&item_id=339772278&from=onesearch_category_9646,0
https://www.lazada.co.id/shop-minuman-rasa-salsaparila-root-beer/?spm=a2o4j.searchlistcategory.card.7.709b4d22KEr1Bw&item_id=564398200&from=onesearch_category_9646,0
https://www.lazada.co.id/beli-makanan-minuman-asianhealthdrinks/?spm=a2o4j.searchlistcategory.card.8.709b4d22KEr1Bw&item_id=484632202&from=onesearch_category_9646,0
https://www.lazada.co.id/beli-makanan-minuman-pembersih-multi-fungsi/?spm=a2o4j.searchlistcategory.card.1.13d427b80Tpjux&item_id=449524977&from=onesearch_category_10100539,0
https://www.lazada.co.id/shop-spons-penggosok-lap/?spm=a2o4j.searchlistcategory.card.3.13d427b80Tpjux&item_id=413138109&from=onesearch_category_10100539,0
https://www.lazada.co.id/beli-makanan-minuman-perawatan-khusus/?spm=a2o4j.searchlistcategory.card.4.13d427b8yjYui5&item_id=173306257&from=onesearch_category_10100539,0
https://www.lazada.co.id/shop-tisu-saku/?spm=a2o4j.searchlistcategory.card.7.13d427b8yjYui5&item_id=158582777&from=onesearch_category_10100539,0
https://www.lazada.co.id/beli-makanan-minuman-pelembut-pakaian/?spm=a2o4j.searchlistcategory.card.6.13d427b8yjYui5&item_id=159641201&from=onesearch_category_10100539,0
https://www.lazada.co.id/products/kamper-tikus-doodoo-pengusir-tikus-kecoa-i146059891-s161020219.html?spm=a2o4j.searchlistcategory.list.6.13d427b8yjYui5&search=1,1
https://www.lazada.co.id/products/terlaris-kamila-sabun-cuci-piring-1000ml-i566520600-s802312118.html?spm=a2o4j.searchlistcategory.list.4.13d427b8yjYui5&search=1,1
https://www.lazada.co.id/products/alat-pembersih-pewangi-wastafel-saluran-air-mampet-toilet-alat-untuk-saluran-wastafel-air-mampet-sani-stick-drain-isi-12-pcs-limited-edition-i547698392-s760024416.html?spm=a2o4j.searchlistcategory.list.11.13d427b8yjYui5&search=1,1
https://www.lazada.co.id/products/refill-msl-variant-kuning-fresh-day-900-ml-i342916054-s355726051.html?spm=a2o4j.searchlistcategory.list.13.13d427b8yjYui5&search=1,1
https://www.lazada.co.id/products/tisue-tisu-nice-1000-gram-i489442665-s607384779.html?spm=a2o4j.searchlistcategory.list.19.13d427b8yjYui5&search=1,1
https://www.lazada.co.id/products/topron-pembersih-serbaguna-kamar-mandi-jamur-kaca-alat-dapur-i544136735-s753770751.html?spm=a2o4j.searchlistcategory.list.21.13d427b8yjYui5&search=1,1
https://www.lazada.co.id/products/hoki-cod-napoclean-heavy-duty-pembersih-keramik-porselen-1-liter-merah-premium-good-quality-gratis-pulpen-lilin-unik-serba-guna-1-pcs-i142576707-s155352338.html?spm=a2o4j.searchlistcategory.list.27.13d427b8yjYui5&search=1,1
https://www.lazada.co.id/products/topron-clean-power-original-pembersih-kerak-kamar-mandi-lantai-etc-1-set-i409216402-s454066154.html?spm=a2o4j.searchlistcategory.list.37.13d427b8yjYui5&search=1,1
https://www.lazada.co.id/products/murah-gila-cairan-pembersih-noda-membandel-keramik-porselen-wc-wastafel-dan-kamar-mandi-topron-power-clean-gratis-kuas-1-pcs-i586244750-s828344387.html?spm=a2o4j.searchlistcategory.list.35.13d427b8yjYui5&search=1,1
https://www.lazada.co.id/products/super-promo-pelicin-pewangi-strika-dawny-super-laundry-seperti-msl-mawar-murah-wangi-segar-diskon-i173322240-s204639811.html?spm=a2o4j.searchlistcategory.list.45.13d427b8pQuQyg&search=1,1
https://www.lazada.co.id/beli-obat-obatan-tradisional/?spm=a2o4j.searchlistcategory.card.2.51664b3d15WF0N&item_id=507770436&from=onesearch_category_3835,0
https://www.lazada.co.id/beli-suplemen-pemutih/?spm=a2o4j.searchlistcategory.card.3.51664b3d15WF0N&item_id=112449666&from=onesearch_category_3835,0
https://www.lazada.co.id/beli-pembakar-lemak/?spm=a2o4j.searchlistcategory.card.4.51664b3d15WF0N&item_id=369591748&from=onesearch_category_3835,0
https://www.lazada.co.id/beli-minuman-pelangsing/?spm=a2o4j.searchlistcategory.card.5.51664b3d15WF0N&item_id=422301189&from=onesearch_category_3835,0
https://www.lazada.co.id/beli-suplemen-penambah-berat-badan/?spm=a2o4j.searchlistcategory.card.6.51664b3d15WF0N&item_id=311314922&from=onesearch_category_3835,0
https://www.lazada.co.id/beli-sistem-imun/?spm=a2o4j.searchlistcategory.card.7.51664b3d15WF0N&item_id=415116027&from=onesearch_category_3835,0
https://www.lazada.co.id/suplemen-kesehatan-wanita/?spm=a2o4j.searchlistcategory.card.8.51664b3d15WF0N&item_id=563258090&from=onesearch_category_3835,0
https://www.lazada.co.id/products/hakubi-white-c-90-tablets-kulit-putih-suplemen-kulit-i7809208-s9935742.html?spm=a2o4j.searchlistcategory.list.3.51664b3d15WF0N&search=1,1
https://www.lazada.co.id/products/tiens-zinc-obat-gemuk-herbal-30-kapsul-free-member-card-tiens-shop-i141913504-s153655107.html?spm=a2o4j.searchlistcategory.list.5.51664b3d15WF0N&search=1,1
https://www.lazada.co.id/products/m-biopro-obat-darah-rendah-suplemen-kesehatan-obat-obatan-tradisional-obat-kurang-darah-dan-anemia-aplastik-hemolik-putihbadan-lemaslelahkulit-pucat-dan-kekuninganjantung-tidak-stabilnapas-pendekpusingsakit-kepalainsomniakaki-kram-mbiopro-i549656076-s765096469.html?spm=a2o4j.searchlistcategory.list.7.51664b3dQZeRce&search=1,1
https://www.lazada.co.id/products/mycol-obat-herbal-menyembuhkan-menurunkan-kolesterol-tinggi-i541416667-s748576325.html?spm=a2o4j.searchlistcategory.list.11.51664b3dQZeRce&search=1,1
https://www.lazada.co.id/products/obat-sakit-sendi-dan-saraf-obat-sakit-pinggang-dan-lutut-yogies-biocypress-yogies-neo-saipress-yogies-biosaipress-d-yogies-erbal-i550474147-s768014912.html?spm=a2o4j.searchlistcategory.list.13.51664b3dQZeRce&search=1,1
https://www.lazada.co.id/products/ginseng-kianpi-pil-wisdom-original-obat-penggemuk-badan-60-kapsul-i392682484-s429942915.html?spm=a2o4j.searchlistcategory.list.15.51664b3dQZeRce&search=1,1
https://www.lazada.co.id/products/supremasi-herbal-asli-kualitas-bagus-banget-i547558518-s759732867.html?spm=a2o4j.searchlistcategory.list.19.51664b3dQZeRce&search=1,1
https://www.lazada.co.id/products/detoxic-cleanse-support-pembunuh-dan-pencegah-parasit-tubuh-i562216488-s794830661.html?spm=a2o4j.searchlistcategory.list.21.51664b3dQZeRce&search=1,1
https://www.lazada.co.id/products/obat-pelangsing-tubuh-teh-jati-cina-celup-whp-teh-celup-daun-jati-cina-whp-i397860995-s436745763.html?spm=a2o4j.searchlistcategory.list.23.51664b3dQZeRce&search=1,1
https://www.lazada.co.id/kemeja-batik-pria/?spm=a2o4j.searchlistcategory.card.1.63ed1f462jWgmc&item_id=501292291&from=onesearch_category_6659,0
https://www.lazada.co.id/kemeja-muslimin-pria/?spm=a2o4j.searchlistcategory.card.2.63ed1f462jWgmc&item_id=510820335&from=onesearch_category_6659,0
https://www.lazada.co.id/cekak-musang-pria/?spm=a2o4j.searchlistcategory.card.3.63ed1f462jWgmc&item_id=341738979&from=onesearch_category_6659,0
https://www.lazada.co.id/jubah-muslim-pria/?spm=a2o4j.searchlistcategory.card.4.63ed1f462jWgmc&item_id=482278692&from=onesearch_category_6659,0
https://www.lazada.co.id/catalog/?spm=a2o4j.home.popular.1.41634ceehnCGss&q=Jumpsuit%20Wanita&abtest=&item_id=354304661&pos=1&abbucket=&clickTrackInfo=staticRankScore%5E0.0732140720354194___pvid%5Eb50bb825-ff94-4f0d-8210-fba432dfa1d6___trendId%5Ee7fe5d0d148d2383bd54792ef9a6b2f2___nids%5E354304661&up_id=354304661&from=hp_mostpopular&acm=icms-zebra-5000383-2586213.1003.1.2262784&scm=1007.17092.106325.0&version=v2&aldid=ifXhVu2R,0
https://www.lazada.co.id/catalog/?spm=a2o4j.home.popular.2.41634ceehnCGss&q=Kaos%20Running&abtest=&item_id=445196550&pos=2&abbucket=&clickTrackInfo=staticRankScore%5E1.43592198157233E-4___userHisAction%5E0.29824542271804244___pvid%5Eb50bb825-ff94-4f0d-8210-fba432dfa1d6___trendId%5E3aa2bf0bc8849528701d97d7b1e28ca4___CatePerfer%5E0.5299977232889489___nids%5E445196550&up_id=445196550&from=hp_mostpopular&acm=icms-zebra-5000383-2586213.1003.1.2262784&scm=1007.17092.106325.0&version=v2&aldid=ifXhVu2R,0
https://www.lazada.co.id/catalog/?spm=a2o4j.home.popular.6.41634ceehnCGss&q=Obat%20Cytotec&abtest=&item_id=165872792&pos=6&abbucket=&clickTrackInfo=staticRankScore%5E0.00161541222926888___pvid%5Eb50bb825-ff94-4f0d-8210-fba432dfa1d6___trendId%5Eef0fbff32f13d879bbe7f1a8e74fedb4___CatePerfer%5E1.0___nids%5E165872792&up_id=165872792&from=hp_mostpopular&acm=icms-zebra-5000383-2586213.1003.1.2262784&scm=1007.17092.106325.0&version=v2&aldid=ifXhVu2R,0
https://www.lazada.co.id/catalog/?spm=a2o4j.home.popular.3.41634ceehnCGss&q=Jaket%20Adidas&abtest=&item_id=434640917&pos=3&abbucket=&clickTrackInfo=staticRankScore%5E0.00676678233815963___userHisAction%5E0.694565909573339___pvid%5Eb50bb825-ff94-4f0d-8210-fba432dfa1d6___trendId%5E73bade14fe37c9e2a5a2bc98fb1491a9___nids%5E434640917&up_id=434640917&from=hp_mostpopular&acm=icms-zebra-5000383-2586213.1003.1.2262784&scm=1007.17092.106325.0&version=v2&aldid=ifXhVu2R,0
https://www.lazada.co.id/catalog/?spm=a2o4j.home.popular.7.41634ceehnCGss&q=Lemari%20Plastik&abtest=&item_id=440271407&pos=7&abbucket=&clickTrackInfo=staticRankScore%5E0.0785628814167764___pvid%5Eb50bb825-ff94-4f0d-8210-fba432dfa1d6___trendId%5Ea53d2627255064bb01563c0eb8c7c095___nids%5E440271407&up_id=440271407&from=hp_mostpopular&acm=icms-zebra-5000383-2586213.1003.1.2262784&scm=1007.17092.106325.0&version=v2&aldid=ifXhVu2R,0
https://www.lazada.co.id/catalog/?spm=a2o4j.home.popular.4.41634ceehnCGss&q=Adidas%20Running&abtest=&item_id=167356667&pos=4&abbucket=&clickTrackInfo=staticRankScore%5E0.00479238961349767___userHisAction%5E0.27415612025192837___pvid%5Eb50bb825-ff94-4f0d-8210-fba432dfa1d6___trendId%5E71b11fd374baf46a048e092481aa4ae8___nids%5E167356667&up_id=167356667&from=hp_mostpopular&acm=icms-zebra-5000383-2586213.1003.1.2262784&scm=1007.17092.106325.0&version=v2&aldid=ifXhVu2R,0
https://www.lazada.co.id/catalog/?spm=a2o4j.home.popular.8.41634ceehnCGss&q=Lampu%20Tumblr&abtest=&item_id=369985166&pos=8&abbucket=&clickTrackInfo=staticRankScore%5E0.0926169678114156___pvid%5Eb50bb825-ff94-4f0d-8210-fba432dfa1d6___trendId%5Ecd1cd5cc872d51318158ff59752b6b68___nids%5E369985166&up_id=369985166&from=hp_mostpopular&acm=icms-zebra-5000383-2586213.1003.1.2262784&scm=1007.17092.106325.0&version=v2&aldid=ifXhVu2R,0
https://www.lazada.co.id/catalog/?spm=a2o4j.home.popular.5.41634ceehnCGss&q=Lipstik%20Wardah&abtest=&item_id=7939956&pos=5&abbucket=&clickTrackInfo=staticRankScore%5E0.0761577120976427___pvid%5Eb50bb825-ff94-4f0d-8210-fba432dfa1d6___trendId%5E80946e64516e48566f3b02bd8df6da50___nids%5E7939956&up_id=7939956&from=hp_mostpopular&acm=icms-zebra-5000383-2586213.1003.1.2262784&scm=1007.17092.106325.0&version=v2&aldid=ifXhVu2R,0
https://www.lazada.co.id/catalog/?spm=a2o4j.home.popular.9.41634ceehnCGss&q=Celana%20Kulot&abtest=&item_id=195513415&pos=9&abbucket=&clickTrackInfo=staticRankScore%5E0.0749192293885366___pvid%5Eb50bb825-ff94-4f0d-8210-fba432dfa1d6___trendId%5E20d986496983d0b4fff99aa453e555de___nids%5E195513415&up_id=195513415&from=hp_mostpopular&acm=icms-zebra-5000383-2586213.1003.1.2262784&scm=1007.17092.106325.0&version=v2&aldid=ifXhVu2R,0
https://pages.lazada.co.id/wow/i/id/LandingPage/lp-collection-detail-new?spm=a2o4j.home.collections.7.41634ceehnCGss&wh_weex=true&wx_navbar_transparent=true&abtest=&pos=6&abbucket=&clickTrackInfo=1007.17383.112843.100200300000000_3b321ef4-71e5-48db-9cf5-2bbf70b04dcc_0_null_id_15127_5%3A0_163522953_9_0.5466043001218455_-100__1_126288785_9_0.0_-100__2_160024122_9_0.0_-100&themeID=15127&acm=icms-zebra-5000383-2586215.1003.1.2262785&algArgs=15127_163522953%3A11401%3A3509%3A5019-126288785%3A11399%3A3509%3A28980-160024122%3A11407%3A3509%3A1348&scm=1007.17383.112843.100200300000000&aldid=IlblXy9P,1
https://shopee.co.id/,0
https://shopee.co.id/Komputer-Aksesoris-cat.134,0
https://shopee.co.id/Pakaian-Pria-cat.33,0
https://shopee.co.id/Pakaian-Wanita-cat.32,0
https://shopee.co.id/Handphone-Aksesoris-cat.40,0
https://shopee.co.id/Kecantikan-cat.14840,0
https://shopee.co.id/Perlengkapan-Rumah-cat.46,0
https://shopee.co.id/Fashion-Bayi-Anak-cat.14535,0
https://shopee.co.id/Ibu-Bayi-cat.45,0
https://shopee.co.id/Sepatu-Pria-cat.35,0
https://shopee.co.id/Sepatu-Wanita-cat.34,0
https://shopee.co.id/Tas-Pria-cat.10217,0
https://shopee.co.id/Tas-Wanita-cat.36,0
https://shopee.co.id/Jam-Tangan-cat.37,0
https://shopee.co.id/Fashion-Muslim-cat.43,0
https://shopee.co.id/Elektronik-cat.121,0
https://shopee.co.id/Aksesoris-Fashion-cat.38,0
https://shopee.co.id/Kesehatan-cat.14780,0
https://shopee.co.id/Hobi-Koleksi-cat.42,0
https://shopee.co.id/Fotografi-cat.154,0
https://shopee.co.id/Makanan-Minuman-cat.157,0
https://shopee.co.id/flash_sale?fromItem=2391690157&promotionId=2000022699,1
https://shopee.co.id/flash_sale?fromItem=1628317275&promotionId=2000022699,1
https://shopee.co.id/flash_sale?fromItem=1117848588&promotionId=2000022699,1
https://shopee.co.id/flash_sale?fromItem=34034113&promotionId=2000022699,1
https://shopee.co.id/flash_sale?fromItem=511984783&promotionId=2000022699,1
https://shopee.co.id/flash_sale?fromItem=515465120&promotionId=2000022699,1
https://shopee.co.id/flash_sale?promotionId=2000022699,1
https://shopee.co.id/Cardigan-Anak-Perempuan-Rajut-Halus-CHLOE-CARDY-KIDS-i.37084147.2436227988,1
https://shopee.co.id/Woof-Pack-Tas-Selempang-Pria-Polyester-Tpouch-ES-3.0-TXWTPES31-i.18233744.1894018036,1
https://shopee.co.id/Mete-mentah-fress-i.4976433.1939501696,1
https://shopee.co.id/PROMO-GAMIS-POLOS-MURAH!-Baju-Gamis-Wanita-Gamis-Jumbo-Polos-L-XXXL-9621-9622-i.17392588.871322505,1
https://shopee.co.id/Case-HP-Xiaomi-MI-6-6X-A2-8-8SE-8-Lite-Redmi-5-Plus-6-6-Pro-Note-5-5-Pro-6-7-Soft-Exopy-Phone-Casing-i.106966616.1974093594,1
https://shopee.co.id/BROS-DAGU-JUNTAI-CABE-i.19090745.1618111242,1
https://shopee.co.id/Handle-Joystick-Holder-Tombol-Bidik-Trigger-Tembak-L1R1-2in1-untuk-PUBG-KnivesOut-iPad-i.73471713.1494176907,1
https://shopee.co.id/GOV-OPPO-A3s-A83-F1s-F1-F3-Plus-F5-F7-Realme-C1-2-F9-F11-Pro-Soft-Orange-Lemon-Case-i.106028376.1684081227,1
https://shopee.co.id/Micro-SD-V-gen-64GB-Turbo-Series-MicroSD-Vgen-64-GB-Class-10-V-gen-i.1058966.2010001852,1
https://shopee.co.id/FATA_Modern-Sprei-seprei-minimalis-terbaru-uk.180x200-160x200-i.19591392.846826998,1
https://shopee.co.id/Sandisk-Flashdisk-Ultra-USB-3.0-CZ48-16GB-i.14450662.134224980,1
https://shopee.co.id/Korea-Cocoa-Jewelry-Cherry-Blossom-Anting-Purple-Color-i.17436333.1620257903,1
https://shopee.co.id/-shimei-Botol-Dispenser-Saus-Minyak-Cuka-untuk-Dapur-i.30751101.1567418972,1
https://shopee.co.id/topi-polo-baseball-caps-cap-cups-karakter-dorrr-i.31966071.761059420,1
https://shopee.co.id/BONUS!!-sugoi-id-Baby-Car-Seat-Portable-Premium-Quality-i.3824053.397288119,1
https://shopee.co.id/-Wholesale-Acc-KB79238-Gelang-Korea-Snowflake-Gold-(4pcs)-i.12613138.1526700104,1
https://shopee.co.id/Kacamata-Motif-Kayu-Unisex-Sunglass-Glasses-356-359-i.15097105.1567152356,1
https://shopee.co.id/Jepit-Korea-Mutiara-Model-Bentuk-Jepitan-Rambut-Korean-Pearl-Hairpin-i.2034055.2259355150,1
https://shopee.co.id/1-Lusin-Popok-Kain-Bayi-Handuk-Baru-Lahir-i.1680979.46403741,1
https://shopee.co.id/SKMEI-Jam-Tangan-JELLY-Analog-9068C-i.293988.300370948,1
https://shopee.co.id/Moel-Rizette-Plus-Whitening-Cream-2nd-Gen-50-Gram-i.10651973.72128196,1
https://shopee.co.id/-COD-lady-Punk-Rock-Leaf-Rumbai-Menjuntai-Ear-Cuff-Bungkus-Earrings-Ear-Clip-i.58667827.1086244456,1
https://shopee.co.id/LIKE-SP-058-Woman-Sport-Shoes-Comfy-Sepatu-olahraga-wanita-import-Casual-look-i.17980712.2473006214,1
https://shopee.co.id/Atasan-Wanita-Cants-i.76071498.2539742977,1
https://shopee.co.id/Topi-Keramas-Anak-Bayi-Pelindung-Mata-Kids-Shower-Cap-i.26896492.1867722865,1
https://shopee.co.id/Fasahaya-Hiasan-Dinding-Poster-Kayu-Leaf-Dekorasi-Rumah-15x30-LF39-i.5326255.1611742475,1
https://shopee.co.id/Bayar-Di-Tempat-DDFI-Anting-Tusuk-Bentuk-Bulat-Lapis-Gaya-Korea-E1C01-i.21736048.955930245,1
https://shopee.co.id/Lilin-Aromaterapi-Pembersih-Telinga-(Ear-Candle)-Ujung-Polos-i.3205131.1824784203,1
https://shopee.co.id/-MeyFah-Sepatu-Heels-Wanita-'Luna'-Sintetis.-Classic-Executive-shoes-Pink-i.34897013.1896288263,1
https://shopee.co.id/OmBotak-Jas-Hujan-Jaket-Celana-Pop-Polkadot-810-Plevia-Stelan-Raincoat-Murah-i.1324966.88430972,1
https://shopee.co.id/KAMERA-MUNDUR-4-LED-CCD-HD-REAR-CAMERA-4-TITIK-LED-KUALITAS-TINGGI-i.15089859.1388429067,1
https://shopee.co.id/Seblak-paket-5pcs-i.17549184.1864460159,1
https://shopee.co.id/SHORT-PANT-STRIP-CELANA-ANAK-DELOVYA-i.1902863.53875443,1
https://shopee.co.id/DT.Shop.Medan-SPEEDY-CHOPPER-Murah-Alat-Pencacah-Bawang-Sayur-Blender-Tangan-Manual-Cutter-Choper-i.531553.1324062563,1
https://shopee.co.id/MUKENA-ANAK-TRAVELING-UMRAH-SD-SMP-10-14-TAHUN-KATUN-RAYON-PREMIUM-ADEM-JOLY-ABU-PINK-HITAM-PUTIH-i.17083920.1582933062,1
https://shopee.co.id/400gram-Stik-Pang-Pang-Pedas-Stick-pangpang-Stix-Termurah-Jakarta-i.1183028.1976748967,1
https://shopee.co.id/%E3%80%90COD%E3%80%91JBS-New-York-Kuas-Fan-Make-Up-Brush-Blush-On-Foundation-Wajah-Bentuk-Kipas-Highlight-Besar-K082-i.3169646.1470438865,1
https://shopee.co.id/Setelan-Pendek-Bayi-Murah-i.11199293.981674438,1
https://shopee.co.id/LUKASI-SPONS-BEDAK-SPONGE-MAKE-UP-i.4226907.2431264120,1
https://shopee.co.id/-Bayar-Di-Tempat-SACE-LADY-Highlighter-Powder-Palette-Smooth-Shimer-Face-Korean-BeautyCosmetic-NOVO-i.51700279.1814248141,1
https://shopee.co.id/Benetton-Cold-for-Men-EDT-100ml-Original-i.11754510.1811412349,1
https://shopee.co.id/Isabel-Adelia-AGNES-Sneakers-Wanita-i.5351570.2392175720,1
https://shopee.co.id/m/toko-min-blj-rp0?smtt=210.33593,0
https://shopee.co.id/m/bayar-di-tempat-101?smtt=210.27223,0
https://shopee.co.id/m/shopee-grosir-283?smtt=210.30579,0
https://shopee.co.id/m/mart?smtt=210.31893,0
https://shopee.co.id/m/elektronik-center?smtt=210.27212,0
https://shopee.co.id/m/men-sale-headset-day-608?smtt=210.34464,0
https://shopee.co.id/koin-shopee/?smtt=210.27225,0
https://shopee.co.id/m/cashback-voucher-508?smtt=210.34595,0
https://shopee.co.id/campaigns/?smtt=210.27230,0
https://shopee.co.id/search?keyword=sepatu%20futsal,0
https://shopee.co.id/search?keyword=anting%20fashion,0
https://shopee.co.id/search?keyword=zenfone%20max%20pro,0
https://shopee.co.id/search?keyword=gelang%20emas,0
https://shopee.co.id/search?keyword=apple%20gb,0
https://shopee.co.id/search?keyword=skin%20centella,0
https://shopee.co.id/search?keyword=tas%20slempang,0
https://shopee.co.id/search?keyword=sepatu%20wanita,0
https://shopee.co.id/m/super-brand-day?smtt=208.36297,1
https://shopee.co.id/search?keyword=kacamata%20fashion,0
https://shopee.co.id/search?keyword=totebag%20aesthetic,0
https://pages.lazada.co.id/wow/i/id/IDCampaign/gratis-ongkos-kirim?spm=a2o4j.home.0.0.41634ceezbwtXU&hybrid=1&scm=1003.4.icms-zebra-5000383-2586260.OTHER_5944976115_4309856,1
https://www.lazada.co.id/shop/laneige-official-store/?spm=a2o4j.home.top.dbr4.41634ceezbwtXU&scm=1003.4.icms-zebra-5000383-2587049.OTHER_5953969269_4420380,1
https://pages.lazada.co.id/wow/i/id/LandingPage/lp-collection-detail-new?spm=a2o4j.home.collections.3.41634ceezbwtXU&wh_weex=true&wx_navbar_transparent=true&abtest=&pos=2&abbucket=&clickTrackInfo=1007.17383.112843.100200300000000_3efe8223-3075-4f4c-9fdd-acf9fdd536ce_0_null_id_184506_1%3A0_511806143_0_3.0889664249088375_-100__1_519516046_0_3.0479881872010566_-100__2_488788344_0_3.0436109926023716_-100&themeID=184506&acm=icms-zebra-5000383-2586215.1003.1.2262785&algArgs=184506_511806143%3A6944%3A2994%3A28-519516046%3A15615%3A2994%3A28-488788344%3A7726%3A2994%3A28&scm=1007.17383.112843.100200300000000&aldid=obs1cphf,1
https://pages.lazada.co.id/wow/i/id/LandingPage/lp-collection-detail-new?spm=a2o4j.home.collections.2.41634ceezbwtXU&wh_weex=true&wx_navbar_transparent=true&abtest=&pos=1&abbucket=&clickTrackInfo=1007.17383.112843.100200300000000_3efe8223-3075-4f4c-9fdd-acf9fdd536ce_0_null_id_173112_0%3A0_507826240_0_3.111644141062071_-100__1_434776802_0_3.053205410974893_-100__2_494012545_0_3.009596529837227_-100&themeID=173112&acm=icms-zebra-5000383-2586215.1003.1.2262785&algArgs=173112_507826240%3A7776%3A2994%3A3388-434776802%3A7778%3A2994%3A5665-494012545%3A7774%3A2994%3A3388&scm=1007.17383.112843.100200300000000&aldid=obs1cphf,1
https://pages.lazada.co.id/wow/i/id/LandingPage/lp-collection-detail-new?spm=a2o4j.home.collections.6.41634ceezbwtXU&wh_weex=true&wx_navbar_transparent=true&abtest=&pos=5&abbucket=&clickTrackInfo=1007.17383.112843.100200300000000_3efe8223-3075-4f4c-9fdd-acf9fdd536ce_0_null_id_10000601007983_4%3A0_573378053_0_3.600206799137106_-100__1_651176_4_0.0_-100__2_580540914_4_0.0_-100&themeID=10000601007983&acm=icms-zebra-5000383-2586215.1003.1.2262785&algArgs=10000601007983_573378053%3A18202%3A10100869%3A97933-651176%3A6334%3A10100869%3A6883-580540914%3A18200%3A10100869%3A4484&scm=1007.17383.112843.100200300000000&aldid=obs1cphf,1
https://pages.lazada.co.id/wow/i/id/LandingPage/lp-collection-detail-new?spm=a2o4j.home.collections.7.41634ceezbwtXU&wh_weex=true&wx_navbar_transparent=true&abtest=&pos=6&abbucket=&clickTrackInfo=1007.17383.112843.100200300000000_3efe8223-3075-4f4c-9fdd-acf9fdd536ce_0_null_id_34161_5%3A0_159993938_9_0.892602419456408_-100__1_160024214_9_0.0_-100__2_159993959_9_0.0_-100&themeID=34161&acm=icms-zebra-5000383-2586215.1003.1.2262785&algArgs=34161_159993938%3A3548%3A3509%3A1348-160024214%3A3544%3A3509%3A50382-159993959%3A3547%3A3509%3A1348&scm=1007.17383.112843.100200300000000&aldid=obs1cphf,1
https://pages.lazada.co.id/wow/i/id/LandingPage/lp-collection-detail-new?spm=a2o4j.home.collections.4.41634ceezbwtXU&wh_weex=true&wx_navbar_transparent=true&abtest=&pos=3&abbucket=&clickTrackInfo=1007.17383.112843.100200300000000_3efe8223-3075-4f4c-9fdd-acf9fdd536ce_0_null_id_46744_2%3A0_151838054_0_3.072_-100__1_494614488_0_3.007_-100__2_151831464_0_3.0_-100&themeID=46744&acm=icms-zebra-5000383-2586215.1003.1.2262785&algArgs=46744_151838054%3A18371%3A10100539%3A29093-494614488%3A18377%3A10100539%3A4484-151831464%3A18377%3A10100539%3A29093&scm=1007.17383.112843.100200300000000&aldid=obs1cphf,1
https://pages.lazada.co.id/wow/i/id/LandingPage/lp-collection-detail-new?spm=a2o4j.home.collections.8.41634ceezbwtXU&wh_weex=true&wx_navbar_transparent=true&abtest=&pos=7&abbucket=&clickTrackInfo=1007.17383.112843.100200300000000_3efe8223-3075-4f4c-9fdd-acf9fdd536ce_0_null_id_33794_6%3A0_171151555_9_0.6800312688542988_-100__1_12024908_9_0.0_-100__2_174203826_9_0.0_-100&themeID=33794&acm=icms-zebra-5000383-2586215.1003.1.2262785&algArgs=33794_171151555%3A13415%3A13386%3A176679-12024908%3A13420%3A13386%3A37489-174203826%3A13411%3A13386%3A6775&scm=1007.17383.112843.100200300000000&aldid=obs1cphf,1
https://pages.lazada.co.id/wow/i/id/LandingPage/lp-collection-detail-new?spm=a2o4j.home.collections.5.41634ceezbwtXU&wh_weex=true&wx_navbar_transparent=true&abtest=&pos=4&abbucket=&clickTrackInfo=1007.17383.112843.100200300000000_3efe8223-3075-4f4c-9fdd-acf9fdd536ce_0_null_id_28733_3%3A0_450166536_0_3.051_-100__1_420331022_0_3.003_-100__2_121968389_4_0.0_-100&themeID=28733&acm=icms-zebra-5000383-2586215.1003.1.2262785&algArgs=28733_450166536%3A10100542%3A10100539%3A9525-420331022%3A18399%3A10100539%3A9525-121968389%3A10003385%3A10100539%3A6572&scm=1007.17383.112843.100200300000000&aldid=obs1cphf,1
https://pages.lazada.co.id/wow/i/id/LandingPage/lp-collection-detail-new?spm=a2o4j.home.collections.9.41634ceezbwtXU&wh_weex=true&wx_navbar_transparent=true&abtest=&pos=8&abbucket=&clickTrackInfo=1007.17383.112843.100200300000000_3efe8223-3075-4f4c-9fdd-acf9fdd536ce_0_null_id_64650_7%3A0_121509487_9_0.6822622559044912_-100__1_131820887_9_0.0_-100__2_112571277_9_0.0_-100&themeID=64650&acm=icms-zebra-5000383-2586215.1003.1.2262785&algArgs=64650_121509487%3A3562%3A10100387%3A13651-131820887%3A12022%3A11949%3A14054-112571277%3A16894%3A2994%3A105754&scm=1007.17383.112843.100200300000000&aldid=obs1cphf,1
https://activity.alibaba.com/sale/d860951b.html?spm=a2700.8293689.201702.6.2ce265aaUm0bOh&refid=1294&tracelog=20190806_ICBU_HOME_MAIN_BANNER_2018_SLIDER_7,1
https://activity.alibaba.com/sale/TW/HK-competitive.html?spm=a2700.8293689.201702.1.2ce265aaUm0bOh&refid=1284&tracelog=20190806_ICBU_HOME_MAIN_BANNER_2018_SLIDER_1,1
https://activity.alibaba.com/sale/machinerysuppliers_P4P.html?spm=a2700.8293689.201702.2.2ce265aatbKJUi&refid=1257&tracelog=20190806_ICBU_HOME_MAIN_BANNER_2018_SLIDER_2,1
https://activity.alibaba.com/sale/beauty_products.html?spm=a2700.8293689.201702.3.2ce265aatbKJUi&refid=1290&tracelog=20190806_ICBU_HOME_MAIN_BANNER_2018_SLIDER_4,1
https://www.alibaba.com/weeklydeals?spm=a2700.8293689.201702.4.2ce265aatbKJUi&refid=1292&tracelog=20190806_ICBU_HOME_MAIN_BANNER_2018_SLIDER_5,1
https://activity.alibaba.com/sale/5936630b.html?spm=a2700.8293689.201702.5.2ce265aatbKJUi&refid=1289&tracelog=20190806_ICBU_HOME_MAIN_BANNER_2018_SLIDER_6,1
https://activity.alibaba.com/sale/eCommerceOneStop.html?spm=a2700.8293689.buyerhub.1.2ce265aatbKJUi&tracelog=fromhomepage&tracelog=20190806_ICBU_PC_THEME_ECOMMERCE_BUYER_HUB_ICBU_PC_THEME_ECOMMERCE_BUYER_HUB_BANNER_T,1
https://www.alibaba.com/brandzone?spm=a2700.8293689.brandzone.1.2ce265aatbKJUi&tracelog=20190806_ICBU_PC_THEME_BRAND_ZONE_ICBU_PC_THEME_BRAND_ZONE_BANNER_T,1
https://www.alibaba.com/weeklydeals?spm=a2700.8293689.weeklydeals.2.2ce265aatbKJUi&tracelog=20190806_ICBU_PC_THEME_WEEKLY_DEALS_DYNAMIC__Q&deliveryId=122001_90297211_STOCK_16_87251577&topOfferIds=62029879904,1
https://www.alibaba.com/weeklydeals?spm=a2700.8293689.weeklydeals.4.2ce265aatbKJUi&tracelog=20190806_ICBU_PC_THEME_WEEKLY_DEALS_DYNAMIC__Q&deliveryId=122001_90297211_STOCK_16_87251577&topOfferIds=60810611708,1
https://www.alibaba.com/Pet-Products_p205816801?spm=a2700.8293689.scGlobalHomeHeader.143.2ce265aatbKJUi,0
https://www.alibaba.com/catalog/pet-beds-accessories_cid100006209?spm=a2700.8293689.scGlobalHomeHeader.144.2ce265aatbKJUi,0
https://www.alibaba.com/catalog/pet-bowls-feeders_cid100006210?spm=a272h.12701784.channel_image_category.1.44d4233d1ftdCe,0
https://www.alibaba.com/catalog/pet-toys_cid100006217?spm=a272h.12701784.channel_image_category.2.44d4233d1ftdCe,0
https://www.alibaba.com/catalog/pet-cleaning-grooming-products_cid100006213?spm=a272h.12701784.channel_image_category.3.44d4233d1ftdCe,0
https://www.alibaba.com/catalog/pet-collars-leashes_cid100006214?spm=a272h.12701784.channel_image_category.5.44d4233d1ftdCe,0
https://www.alibaba.com/catalog/pet-travel-outdoors_cid100006219?spm=a272h.12701784.channel_image_category.6.44d4233d1ftdCe,0
https://www.alibaba.com/catalog/pet-cages-carriers-houses_cid100006211?spm=a272h.12701784.channel_image_category.7.44d4233d1ftdCe,0
https://www.alibaba.com/catalog/pet-training-products_cid100006218?spm=a272h.12701784.channel_image_category.8.44d4233d1ftdCe,0
https://www.alibaba.com/product-detail/JOVISA-Eyelash-Extension-Flash-Lash-Cleanser_50045509056.html?spm=a2700.galleryofferlist.normalList.2.53533db14QNf1F&s=p,1
https://www.alibaba.com/product-detail/Double-Sided-Magnification-Hand-Held-Makeup_62184487658.html?spm=a2700.galleryofferlist.normalList.14.53533db14QNf1F&s=p,1
https://www.alibaba.com/product-detail/Okey-la-Fashion-design-Compact-portable_62108052648.html?spm=a2700.galleryofferlist.normalList.22.53533db14QNf1F&s=p,1
https://www.alibaba.com/product-detail/K-S-WIGS-15-Style-Wholesale_62199093702.html?spm=a2700.galleryofferlist.normalList.30.53533db14QNf1F&s=p,1
https://www.alibaba.com/product-detail/Wall-Mounted-Shaving-Magnifying-Chrome-Decor_62054287347.html?spm=a2700.galleryofferlist.normalList.40.53533db14QNf1F&s=p,1
https://www.alibaba.com/product-detail/Private-Label-Makeup-Brush-Cleaner-Soap_60841538257.html?spm=a2700.galleryofferlist.normalList.50.53533db14QNf1F,1
https://www.alibaba.com/product-detail/private-label-lash-adhesive-strip-eyelash_60812393243.html?spm=a2700.galleryofferlist.normalList.63.53533db14QNf1F,1
https://www.alibaba.com/product-detail/2019-New-Arrival-25MM-Private-Label_62011862653.html?spm=a2700.galleryofferlist.normalList.76.53533db14QNf1F,1
https://www.alibaba.com/product-detail/Top-grade-hot-selling-natural-harmless_60683081467.html?spm=a2700.galleryofferlist.normalList.89.53533db14QNf1F,1
https://www.alibaba.com/product-detail/3d-lash-glue-for-strip-lashes_60866039290.html?spm=a2700.galleryofferlist.normalList.102.53533db14QNf1F,1
https://www.alibaba.com/product-detail/new-arrival-8pcs-women-mermaid-makeup_60689988574.html?spm=a2700.galleryofferlist.normalList.115.53533db14QNf1F,1
https://tradeassurance.alibaba.com/?spm=a2700.8293689.201712.1.4a6665aaUi8D9k&tracelog=nhp_btm_service_ta,1
https://paylater.alibaba.com/t/service?spm=a2700.8293689.201712.3.4a6665aaUi8D9k&tracelog=nhp_btm_service_sp,1
https://inspection.alibaba.com/?spm=a2700.8293689.201712.5.4a6665aaUi8D9k&tracelog=nhp_btm_service_is,1
https://activity.alibaba.com/onetouch/afef59df.html?spm=a2700.8293689.201712.7.4a6665aaUi8D9k&tracelog=homepagebottombanner,1
https://usa.alibaba.com/?spm=a2700.8293689.201711.3.4a6665aaUi8D9k&tracelog=homepage_country_us_0302,0
https://india.alibaba.com/?spm=a2700.8293689.201711.2.4a6665aaUi8D9k&tracelog=homepage_country_in_0302,0
https://turkey.alibaba.com/?spm=a2700.8293689.201711.4.4a6665aaUi8D9k&tracelog=homepage_country_tr_0302,0
https://thailand.alibaba.com/?spm=a2700.8293689.201711.5.4a6665aaUi8D9k&tracelog=homepage_country_th_0302,0
https://malaysia.alibaba.com/?spm=a2700.8293689.201711.6.4a6665aaUi8D9k&tracelog=homepage_country_my_0302,0
https://vietnam.alibaba.com/?spm=a2700.8293689.201711.7.4a6665aaUi8D9k&tracelog=homepage_country_vm_0302,0
https://selection.alibaba.com/?spm=a271j.11912869.scGlobalHomeHeader.380.56721462pzDPVG&tracelog=hd_sol__selection,1
https://seller.alibaba.com/api/channel/nation/landingpage.htm?spm=a271j.11912869.scGlobalHomeHeader.381.56721462pzDPVG&tracelog=hd_sol_sup_reg,1
https://www.alibaba.com/retailer/home.htm?spm=a271j.11912869.scGlobalHomeHeader.382.56721462pzDPVG&tracelog=hd_online_r_market,1
https://rfq.alibaba.com/rfq/post.htm?spm=a271j.11912869.scGlobalHomeHeader.383.56721462pzDPVG&tracelog=hd_sol_alis_form,1
https://rfq.alibaba.com/?spm=a271j.11912869.scGlobalHomeHeader.384.56721462pzDPVG&tracelog=hd_sol_alis_quote,1
https://activity.alibaba.com/rfq/one_click_sourcing_tool.html?spm=a271j.11912869.scGlobalHomeHeader.385.56721462pzDPVG&tracelog=hd_sol_alis_tool,1
https://source.alibaba.com/?spm=a271j.11912869.scGlobalHomeHeader.386.56721462pzDPVG&tracelog=hd_source_now,1
https://tradeassurance.alibaba.com/?spm=a271j.11912869.scGlobalHomeHeader.391.56721462pzDPVG&tracelog=hd_serv_ta,1
https://inspection.alibaba.com/?spm=a271j.11912869.scGlobalHomeHeader.392.56721462pzDPVG&tracelog=hd_serv_inspection,1
https://activity.alibaba.com/onetouch/afef59df.html?spm=a271j.11912869.scGlobalHomeHeader.393.56721462pzDPVG&tracelog=hd_serv_logistic,1
https://paylater.alibaba.com/t/service?spm=a271j.11912869.scGlobalHomeHeader.394.56721462pzDPVG&tracelog=hd_paylater,1
https://buyer.alibaba.com/bizid_buyer?spm=a271j.11912869.scGlobalHomeHeader.395.56721462pzDPVG&tracelog=hd_memb_bi,1
https://seller.alibaba.com/?spm=a271j.11912869.scGlobalHomeHeader.396.56721462pzDPVG&tracelog=hd_memb_gs,1
https://maixin-china.en.alibaba.com/?spm=a271j.11912869.jtbpo806.29.56721462pzDPVG,1
https://www.alibaba.com/catalogs/products/CID23190202?spm=a272h.12388697.jodz1x7t.2.6723188dDuCGhk&viewtype=G,0
https://www.alibaba.com/catalogs/products/CID23190201?spm=a272h.12388697.jodz1x7t.1.6723188dDuCGhk&viewtype=G,0
https://www.alibaba.com/catalogs/products/CID23190204?spm=a272h.12388697.jodz1x7t.3.6723188dDuCGhk&viewtype=G,0
https://www.alibaba.com/catalogs/products/CID23190207?spm=a272h.12388697.jodz1x7t.5.6723188dDuCGhk&viewtype=G,0
https://www.alibaba.com/catalogs/products/CID23190208?spm=a272h.12388697.jodz1x7t.9.6723188dDuCGhk&viewtype=G,0
https://www.alibaba.com/catalogs/products/CID23190210?spm=a272h.12388697.jodz1x7t.10.6723188dDuCGhk&viewtype=G,0
https://www.zalora.co.id,0
https://www.zalora.co.id/women/semua-produk/?price=99000-188000&csa=cwthirtytwoallunderoneeighteight&csa=homepagebottombanner,1
https://www.zalora.co.id/men/pakaian/kemeja/?getSKU=CBD30AA0D5E140GS--8AFDCAA6C69374GS--GI012AA0WE5CID--03EA2AADC8FE78GS--75721AA7FA299CGS--26330AABCC4929GS--3C2A7AAAB47E26GS--3C77AAA54751F2GS--DB2FFAA34ED45BGS--ED594AAF8C7130GS--0413DAA520DB11GS--4AEFFAACEF3D7BGS--4FB22AAC94B684GS--382A1AAD440A55GS--7CCFBAA53B5D37GS--6A469AA91CADADGS--FAC1BAA1993E8EGS--673D2AA73F755BGS--E8E42AA5E1A5D0GS--F14F1AA8E31C3AGS--F04A6AAF352BA6GS--E94E8AA4D6E90CGS--AB8F0AA6DFF2C9GS--95B8AAA42CE2B7GS&price=99000-249000&csa=homepagebottombanner,1
https://www.zalora.co.id/women/special-price/tas/sling-bag/?csa=homepagebottombanner,1
https://www.zalora.co.id/women/?from=header,0
https://www.zalora.co.id/men/?from=header,0
https://www.zalora.co.id/kids/?from=header,0
https://www.zalora.co.id/kelebihan-belanja-online/#originalProducts,1
https://www.zalora.co.id/kelebihan-belanja-online/#fashionBrands,1
https://www.zalora.co.id/kelebihan-belanja-online/#freeReturn,1
https://www.zalora.co.id/zalora-now/?csa=uspblock,1
https://www.zalora.co.id/women/all-products/?cmpgn_four=batik25&vc_applicable=true,1
https://www.zalora.co.id/women/all-products/?cmpgn_four=fragrance&csa=cwthirtythreefragranceuptofifty,1
https://www.zalora.co.id/women/sepatu/special-price/?price=0-299000&csa=cwthirtythreefootwearundertwoninenine,1
https://www.zalora.co.id/women/special-price/pakaian/atasan/?category_id=22--2875&getSKU=DEE16AA9789088GS--14F56AAD3972B6GS--E26C2AA99CDC34GS--270E8AACA032B5GS--58260AA5A6F316GS--68D64AA003E5A2GS--696EBAAFAD3776GS--C65C7AAE1A8E23GS--68501AA2557D2DGS--5D942AA0B21757GS--76C7AAA106C8F2GS--8A624AA483C240GS--31A18AAFB66A1BGS--9B28FAAFFC3FFEGS--2F5FFAA569B599GS--CD65DAAAB66F49GS--112E8AAD429579GS--627B0AAF8F3015GS--E7F86AA5F711C0GS--65C79AA1A48661GS--62AA6AAAE503A6GS--DE887AA0WEYBID--FBEB8AA52219A4GS--B6443AAD43808CGS&csa=cwthirtythreeblousetunicsuptosixty,1
https://www.zalora.co.id/women/zalora/?sort=discount&csa=cwthirtythreezalorauptoseventy,1
https://www.zalora.co.id/women/nike/?sort=discount&csa=cwthirtythreenikeuptothirty,1
https://www.zalora.co.id/women/mango/?sort=latest%20arrival&dir=desc&csa=cwthirtythreemangonewarrivals,1
https://www.zalora.co.id/women/herschel/?sort=latest%20arrival&dir=desc&csa=cwthirtythreeherschelnewarrivals,1
https://www.zalora.co.id/women/all-products/?brand=ipanema--the-little-things-she-needs&sort=discount&csa=cwthirtythreethelittlethingssheneedsipanemauptoforty,1
https://www.zalora.co.id/women/roxy/?sort=latest%20arrival&dir=desc&csa=cwthirtythreeroxynewarrivals,1
https://www.zalora.co.id/women/keds/?sort=discount&csa=cwthirtythreekedsuptothirty,1
https://www.zalora.co.id/women/ovs/?sort=latest%20arrival&dir=desc&csa=cwthirtythreeovsnewarrivals,1
https://www.zalora.co.id/women/luire-by-raden-sirait/?sort=discount&csa=cwthirtythreeluirebyradensiraituptoeighty,1
https://www.zalora.co.id/women/sepatu/sneakers/?csa=womenpersonalisedcat&getSKU=1DF57SH0ACCC8DGS,0
https://www.zalora.co.id/women/aksesoris/perhiasan/?csa=womenpersonalisedcat&getSKU=DE7E5ACB828CCFGS,0
https://www.zalora.co.id/women/sports/beli-berdasarkan-aktivitas-olahraga/?csa=womenpersonalisedcat&getSKU=D5E20SH33D2A7DGS,0
https://www.zalora.co.id/women/tas/sling-bag/?csa=womenpersonalisedcat&getSKU=83355AC8E04FB9GS,0
https://www.zalora.co.id/women/pakaian/jeans/?csa=womenpersonalisedcat&getSKU=MK162AA03HNWID,0
https://thread.zalora.co.id/?csa=desktopsegmentpage&_ga=2.215226839.115793356.1565671229-1178703658.1565671229,0
https://www.zalora.co.id/onitsuka-tiger-mexico-66-blue-1983001.html?rightclick=1&position=1,1
https://www.zalora.co.id/keds-triple-kick-colorblock-foxing-purple-1986612.html?rightclick=1&position=2,1
https://www.zalora.co.id/hush-puppies-jasmine-white-1938087.html?rightclick=1&position=3,1
https://www.zalora.co.id/keds-crew-kick-75-canvas-black-2003176.html?rightclick=1&position=4,1
https://www.zalora.co.id/totally-walking-shoes-1-white-2015451.html?rightclick=1&position=5,1
https://www.zalora.co.id/keds-ace-leather-white-1986615.html?rightclick=1&position=6,1
https://www.zalora.co.id/blow-lanel-pink-2009739.html?rightclick=1&position=7,1
https://www.zalora.co.id/keds-kickstart-bv-comic-print-multi-multi-2019430.html?rightclick=1&position=8,1
https://www.zalora.co.id/blow-laina-white-2009737.html?rightclick=1&position=9,1
https://www.zalora.co.id/blow-laina-black-2009740.html?rightclick=1&position=10,1
https://www.zalora.co.id/blow-lasya-black-2009729.html?rightclick=1&position=11,1
https://www.zalora.co.id/blow-lanel-grey-2009731.html?rightclick=1&position=12,1
https://www.zalora.co.id/blow-lasya-red-2009746.html?rightclick=1&position=13,1
https://www.zalora.co.id/keds-champion-seasonal-solids-yellow-2003173.html?rightclick=1&position=14,1
https://www.zalora.co.id/keds-ace-ltt-leather-white-1958014.html?rightclick=1&position=15,1
https://www.zalora.co.id/vans-ua-old-skool-black-1426428.html?rightclick=1&position=16,1
https://www.zalora.co.id/public-desire-biggie-sneakers-white-1952885.html?rightclick=1&position=17,1
https://www.zalora.co.id/rubi-tori-wedge-tech-sneakers-white-1974809.html?rightclick=1&position=18,1
https://www.zalora.co.id/keds-kickstart-glitter-foxing-grey-1843738.html?rightclick=1&position=19,1
https://www.zalora.co.id/rubi-blaze-chunky-sneaker-yellow-grey-1977860.html?rightclick=1&position=20,1
https://www.zalora.co.id/women/batik/bhatara-batik/?from_topbrands_nav,0
https://www.zalora.co.id/women/batik/arjuna-weda/?from_topbrands_nav,0
https://www.zalora.co.id/women/batik/batik-putra-bengawan/?from_topbrands_nav,0
https://www.zalora.co.id/women/batik/rianty-batik/?from_topbrands_nav,0
https://www.zalora.co.id/women/batik/Adikusuma/?from_topbrands_nav,0
https://www.zalora.co.id/women/aksesoris/mango/?from_topbrands_nav,0
https://www.zalora.co.id/women/aksesoris/swarovski/?from_topbrands_nav,0
https://www.zalora.co.id/women/aksesoris/gobelini/?from_topbrands_nav,0
https://www.zalora.co.id/women/aksesoris/alexandre-christie/?from_topbrands_nav,0
https://www.zalora.co.id/women/aksesoris/baby-g/?from_topbrands_nav,0
https://www.zalora.co.id/women/baju-muslim/hijabenka/?from_topbrands_nav,0
https://www.zalora.co.id/women/shoecrime/?from_topbrands_nav,0
https://www.zalora.co.id/women/pakaian/something-borrowed/?from_topbrands_nav,0
https://www.zalora.co.id/women/aksesoris/casio/?from_topbrands_nav,0
https://www.zalora.co.id/women/pakaian/berrybenka-label/?from_topbrands_nav,0
https://www.zalora.co.id/women/make-up-for-ever/?from=headerbanner,0
https://www.zalora.co.id/women/nike/?from=headerbanner,0
https://www.zalora.co.id/women/zalia/?from=headerbanner,0
https://www.zalora.co.id/women/pomelo/?from=headerbanner,0
https://www.zalora.co.id/women/gap/?from=headerbanner,0
https://www.zalora.co.id/men/pop-u/?csa=categoryApparelMen,1
https://www.zalora.co.id/men/m231/?csa=categoryApparelMen,1
https://www.zalora.co.id/men/volcom/?csa=categoryApparelMen,1
https://www.zalora.co.id/men/lois-jeans/?csa=categoryApparelMen,1
https://www.zalora.co.id/men/bombboogie/?csa=categoryApparelMen,1
https://www.zalora.co.id/men/sharks/?csa=categoryApparelMen,1
https://www.zalora.co.id/anthm-parachute-hoodie-jacket-black-1792523.html?rightclick=1&position=1,1
https://www.zalora.co.id/2nd-red-2nd-red-jacket-jeans-basic-denim-nick-nov-191801-blue-1767731.html?rightclick=1&position=2,1
https://www.zalora.co.id/levi-s-levi-s-the-trucker-jacket-mugito-trucker-blue-1936969.html?rightclick=1&position=3,1
https://www.zalora.co.id/superdry-core-sport-graphic-tee-navy-1970796.html?rightclick=1&position=4,1
https://www.zalora.co.id/anthm-anthm-invincible-windbreaker-green-1949504.html?rightclick=1&position=5,1
https://www.zalora.co.id/mentli-acid-blue-wash-denim-shirt-blue-1732759.html?rightclick=1&position=6,1
https://www.zalora.co.id/mentli-vian-stripe-casual-shirt-navy-1874760.html?rightclick=1&position=7,1
https://www.zalora.co.id/mentli-skinny-jeans-black-ripped-black-1606486.html?rightclick=1&position=8,1
https://www.zalora.co.id/2nd-red-2nd-red-jeans-slim-fit-pria-premium-za236-blue-1734837.html?rightclick=1&position=9,1
https://www.zalora.co.id/17seven-original-longpants-022-rashford-blk-black-2032897.html?rightclick=1&position=10,1
https://www.zalora.co.id/cressida-striped-t-shirt-navy-1940649.html?rightclick=1&position=11,1
https://www.zalora.co.id/2nd-red-2nd-red-ripped-jeans-slim-fit-best-product-blue-za133213-blue-1591745.html?rightclick=1&position=12,1
https://www.zalora.co.id/mentli-marva-stripe-casual-shirt-red-2036317.html?rightclick=1&position=13,1
https://www.zalora.co.id/cbr-six-cbr-six-jaket-pria-hhc-002-abu-grey-1751853.html?rightclick=1&position=14,1
https://www.zalora.co.id/cbr-six-cbr-six-jaket-pria-hhc-002-abu-grey-1751853.html?rightclick=1&position=14,1
https://www.zalora.co.id/men/pakaian/?gender=men&dir=desc&sort=popularity&category_id=26&color=black&enable_visual_sort=1,1
https://www.zalora.co.id/kids/all-products/?age_group=(8-12%20thn)%20-%20Junior&csa=kidsagegroupthree,1
https://www.zalora.co.id/deus-ex-machina-kids-address-bali-nf-black-2021215.html?rightclick=1&position=1,1
https://www.zalora.co.id/mango-baby-texture-organic-cotton-shirt-white-1990896.html?rightclick=1&position=2,1
https://www.zalora.co.id/lc-waikiki-girls-short-sleeve-spotty-shirt-multi-1990148.html?rightclick=1&position=3,1
https://www.zalora.co.id/lc-waikiki-girls-frilled-sleeve-lace-blouse-yellow-1990241.html?rightclick=1&position=4,1
https://www.zalora.co.id/mango-kids-off-shouldern-cotton-blouse-multi-1991132.html?rightclick=1&position=5,1
https://www.zalora.co.id/mango-kids-ruffle-printed-top-white-1991057.html?rightclick=1&position=6,1
https://www.zalora.co.id/mango-kids-off-shouldern-cotton-blouse-white-1990951.html?rightclick=1&position=7,1
https://www.zalora.co.id/mango-kids-ruffled-cotton-blouse-beige-1999817.html?rightclick=1&position=8,1
https://www.zalora.co.id/mango-kids-off-shouldern-cotton-blouse-blue-1990962.html?rightclick=1&position=9,1
https://www.zalora.co.id/lc-waikiki-girls-short-sleeve-transparent-laced-blouse-white-1990061.html?rightclick=1&position=10,1
https://www.zalora.co.id/lc-waikiki-girls-short-sleeve-off-shoulder-poplin-blouse-blue-1990033.html?rightclick=1&position=11,1
https://www.zalora.co.id/lc-waikiki-girls-short-sleeve-off-shoulder-patterned-shirt-multi-1990235.html?rightclick=1&position=12,1
https://www.zalora.co.id/ovs-t-shirt-with-embroidery-green-2000235.html?rightclick=1&position=13,1
https://www.zalora.co.id/ovs-printed-t-shirt-white-2000538.html?rightclick=1&position=14,1
https://www.zalora.co.id/ovs-printed-t-shirt-navy-2000345.html?rightclick=1&position=15,1
https://www.zalora.co.id/mango-kids-spider-man-t-shirt-navy-1996665.html?rightclick=1&position=16,1
https://www.zalora.co.id/ovs-print-tank-top-white-2000949.html?rightclick=1&position=17,1
https://www.zalora.co.id/ovs-all-over-marvel-avengers-t-shirt-grey-2000301.html?rightclick=1&position=18,1
https://www.zalora.co.id/under-armour-kids-ua-scrimmage-2-0-backpack-black-1934393.html?rightclick=1&position=1,1
https://www.zalora.co.id/ovs-short-romper-orange-2000289.html?rightclick=1&position=2,1
https://www.zalora.co.id/veyl-dyla-pants-brown-brown-2040370.html?rightclick=1&position=3,1
https://www.zalora.co.id/veyl-hola-pants-brown-brown-2040472.html?rightclick=1&position=4,1
https://www.zalora.co.id/ovs-short-romper-white-2000590.html?rightclick=1&position=5,1
https://www.zalora.co.id/lee-vierra-randana-kids-f-l-pants-green-2028003.html?rightclick=1&position=6,1
https://www.zalora.co.id/gap-baby-bear-garter-hoodie-sweater-pink-1998377.html?rightclick=1&position=7,1
https://www.zalora.co.id/gap-multipack-dot-pants-black-pink-1998231.html?rightclick=1&position=8,1
https://www.zalora.co.id/ovs-t-shirt-and-shorts-set-white-2000371.html?rightclick=1&position=9,1
https://www.zalora.co.id/gap-icon-one-piece-blue-2008906.html?rightclick=1&position=10,1
https://www.zalora.co.id/bellissima-chaima-kids-dress-white-brown-2020553.html?rightclick=1&position=1,1
https://www.zalora.co.id/bellissima-nuha-kids-dress-white-2020551.html?rightclick=1&position=2,1
https://www.zalora.co.id/bellissima-chaima-kids-dress-white-brown-2020550.html?rightclick=1&position=3,1
https://www.zalora.co.id/bellissima-farbella-kids-dress-brown-2020549.html?rightclick=1&position=4,1
https://www.zalora.co.id/bellissima-farbella-kids-dress-blue-2020554.html?rightclick=1&position=5,1
https://www.zalora.co.id/bellissima-nuha-kids-dress-brown-2020548.html?rightclick=1&position=6,1
https://www.zalora.co.id/kids/baju-muslim/?gender=kids&dir=desc&sort=popularity&category_id=871&color=beige&enable_visual_sort=1,1
https://www.zalora.co.id/women/pakaian/?category_filter=1&gender=women&dir=desc&sort=popularity&category_id=25&enable_visual_sort=1,1
https://www.zalora.co.id/privacy-policy/,0
https://careers.zalora.com/,0
https://www.zalora.co.id/terms-of-use/,0
https://www.zalora.co.id/partner/,0
https://forms.gle/bNidjXbDcCQ9ZReB6,0
https://www.zalora.co.id/promo-deals/,0
https://www.zalora.co.id/about/,0
https://www.zalora.co.id/customer/order/index/,0
https://www.zalora.co.id/sell-with-us/,0
https://www.zalora.co.id/product-index/,0
https://www.amazon.com/,0
https://www.amazon.com/gp/customer-preferences/select-language/ref=aistrust4?preferencesReturnUrl=%2F&pf_rd_p=e47efa23-a7ad-4b96-b64e-347df45f6cdc&pf_rd_r=G85VTMY3TX9KRJYMR380,1
https://www.amazon.com/gp/help/customer/display.html?nodeId=201132710&ref=aistrust1&pf_rd_p=e47efa23-a7ad-4b96-b64e-347df45f6cdc&pf_rd_r=G85VTMY3TX9KRJYMR380,1
https://www.amazon.com/b?node=15529609011&ref=aistrust2&pf_rd_p=e47efa23-a7ad-4b96-b64e-347df45f6cdc&pf_rd_r=G85VTMY3TX9KRJYMR380,1
https://www.amazon.com/gp/help/customer/display.html/ref=aistrust6?ie=UTF8&nodeId=201910710&pf_rd_p=e47efa23-a7ad-4b96-b64e-347df45f6cdc&pf_rd_r=G85VTMY3TX9KRJYMR380,0
https://www.amazon.com/gp/help/customer/display.html/ref=aistrust5?ie=UTF8&nodeId=201182000&pf_rd_p=e47efa23-a7ad-4b96-b64e-347df45f6cdc&pf_rd_r=G85VTMY3TX9KRJYMR380,0
https://www.amazon.com/gp/help/customer/display.html?nodeId=508510&ref=aistrust7&pf_rd_p=e47efa23-a7ad-4b96-b64e-347df45f6cdc&pf_rd_r=G85VTMY3TX9KRJYMR380,0
https://www.amazon.com/gp/help/customer/display.html/ref=aisttrust3?ie=UTF8&nodeId=201074230&pf_rd_p=e47efa23-a7ad-4b96-b64e-347df45f6cdc&pf_rd_r=G85VTMY3TX9KRJYMR380,1
https://www.amazon.com/s?_encoding=UTF8&bbn=16225009011&ref_=sd_allcat_nav_desktop_sa_intl_accessories_and_supplies&rh=i%3Aspecialty-aps%2Cn%3A%2116225009011%2Cn%3A281407,0
https://www.amazon.com/s?_encoding=UTF8&bbn=16225009011&ref_=sd_allcat_nav_desktop_sa_intl_camera_and_photo&rh=i%3Aspecialty-aps%2Cn%3A%2116225009011%2Cn%3A502394,0
https://www.amazon.com/s?_encoding=UTF8&bbn=16225009011&ref_=sd_allcat_nav_desktop_sa_intl_car_and_vehicle_electronics&rh=i%3Aspecialty-aps%2Cn%3A%2116225009011%2Cn%3A3248684011,0
https://www.amazon.com/s?_encoding=UTF8&bbn=16225009011&ref_=sd_allcat_nav_desktop_sa_intl_cell_phones_and_accessories&rh=i%3Aspecialty-aps%2Cn%3A%2116225009011%2Cn%3A2811119011,0
https://www.amazon.com/s?_encoding=UTF8&bbn=16225009011&ref_=sd_allcat_nav_desktop_sa_intl_computers_and_accessories&rh=i%3Aspecialty-aps%2Cn%3A%2116225009011%2Cn%3A541966,0
https://www.amazon.com/s?_encoding=UTF8&bbn=16225009011&ref_=sd_allcat_nav_desktop_sa_intl_gps_and_navigation&rh=i%3Aspecialty-aps%2Cn%3A%2116225009011%2Cn%3A172526,0
https://www.amazon.com/s?_encoding=UTF8&bbn=16225009011&ref_=sd_allcat_nav_desktop_sa_intl_headphones&rh=i%3Aspecialty-aps%2Cn%3A%2116225009011%2Cn%3A172541,0
https://www.amazon.com/s?_encoding=UTF8&bbn=16225009011&ref_=sd_allcat_nav_desktop_sa_intl_home_audio&rh=i%3Aspecialty-aps%2Cn%3A%2116225009011%2Cn%3A667846011,0
https://www.amazon.com/s?_encoding=UTF8&bbn=16225009011&ref_=sd_allcat_nav_desktop_sa_intl_office_electronics&rh=i%3Aspecialty-aps%2Cn%3A%2116225009011%2Cn%3A172574,0
https://www.amazon.com/s?_encoding=UTF8&bbn=16225009011&ref_=sd_allcat_nav_desktop_sa_intl_portable_audio_and_video&rh=i%3Aspecialty-aps%2Cn%3A%2116225009011%2Cn%3A172623,0
https://www.amazon.com/s?_encoding=UTF8&bbn=16225009011&ref_=sd_allcat_nav_desktop_sa_intl_security_and_surveillance&rh=i%3Aspecialty-aps%2Cn%3A%2116225009011%2Cn%3A524136,0
https://www.amazon.com/s?_encoding=UTF8&bbn=16225009011&ref_=sd_allcat_nav_desktop_sa_intl_service_plans&rh=i%3Aspecialty-aps%2Cn%3A%2116225009011%2Cn%3A16285901,0
https://www.amazon.com/s?_encoding=UTF8&bbn=16225009011&ref_=sd_allcat_nav_desktop_sa_intl_television_and_video&rh=i%3Aspecialty-aps%2Cn%3A%2116225009011%2Cn%3A1266092011,0
https://www.amazon.com/s?_encoding=UTF8&bbn=16225009011&ref_=sd_allcat_nav_desktop_sa_intl_video_game_consoles_and_accessories&rh=i%3Aspecialty-aps%2Cn%3A%2116225009011%2Cn%3A7926841011,0
https://www.amazon.com/s?_encoding=UTF8&bbn=16225009011&ref_=sd_allcat_nav_desktop_sa_intl_video_projectors&rh=i%3Aspecialty-aps%2Cn%3A%2116225009011%2Cn%3A300334,0
https://www.amazon.com/dp/B06XCM9LJ4?_encoding=UTF8&ref_=sd_allcat_k_ods_ha_rr,0
https://www.amazon.com/dp/B0794W1SKP?_encoding=UTF8&ref_=sd_allcat_k_ods_ha_lr,0
https://www.amazon.com/alexa-skills/b?ie=UTF8&node=13727921011&ref_=sd_allcat_ods_ha_con_skills_st,0
https://www.amazon.com/gp/help/customer/display.html?ie=UTF8&nodeId=201602060&ref_=sd_allcat_ods_ha_con_help,0
https://www.amazon.com/smart-home/b?ie=UTF8&node=6563140011&ref_=sd_allcat_ods_ha_echo_ch,0
https://www.amazon.com/meet-alexa/b?ie=UTF8&node=16067214011&ref_=sd_allcat_ods_ha_alexa_ug,0
https://www.amazon.com/dp/B07894S727?_encoding=UTF8&ref_=sd_allcat_ods_ha_aucc_sp,0
https://www.amazon.com/s?_encoding=UTF8&bbn=16225008011&ref_=sd_allcat_nav_desktop_sa_intl_accounting_and_finance&rh=i%3Aspecialty-aps%2Cn%3A%2116225008011%2Cn%3A5223260011,0
https://www.amazon.com/dp/B0794RHPZD?_encoding=UTF8&ref_=sd_allcat_k_ods_tab_kk,0
https://www.amazon.com/gp/product/B019G0M2WS?ref=skillrw_dsk_tens__0,1
https://www.amazon.com/gp/product/B01NAI70T7?ref=skillrw_dsk_editorspicks__0,1
https://www.amazon.com/gp/product/B07BMD7M3Z?ref=skillrw_dsk_editorspicks__1,1
https://www.amazon.com/gp/product/B07R6Q4XVB?ref=skillrw_dsk_editorspicks__2,1
https://www.amazon.com/gp/product/B01LXQXW3G?ref=skillrw_dsk_tens__2,1
https://www.amazon.com/gp/product/B07B68J3QT?ref=skillrw_dsk_premskill__0,1
https://www.amazon.com/gp/product/B07D6NWVKW?ref=skillrw_dsk_premskill__1,1
https://www.amazon.com/gp/product/B071JLNRWF?ref=skillrw_dsk_premskill__2,1
https://www.amazon.com/gp/product/B071475H64?ref=skillrw_dsk_tmses__0,1
https://www.amazon.com/gp/product/B07FTRB6DQ?ref=skillrw_dsk_tmses__1,1
https://www.amazon.com/gp/product/B06Y13422L?ref=skillrw_dsk_tmses__2,1
https://www.amazon.com/s/ref=lp_13727921011_nr_n_0?fst=as%3Aoff&rh=n%3A13727921011%2Cn%3A%2113727922011%2Cn%3A14284819011&bbn=13727922011&ie=UTF8&qid=1565714043&rnid=13727922011,1
https://www.amazon.com/Alexa-Skills-Games-Trivia-Accessories/b/?ie=UTF8&node=14284827011&ref_=sv_a2s_2,1
https://www.amazon.com/Alexa-Skills-Smart-Home/b/?ie=UTF8&node=14284863011&ref_=sv_a2s_1,1
https://www.amazon.com/Alexa-Skills-Lifestyle/b/?ie=UTF8&node=14284837011&ref_=sv_a2s_3,1
https://www.amazon.com/gp/alexastore/yourskills/?ie=UTF8&ref_=sv_a2s_4,1
https://www.amazon.com/Alexa-Skills-Getting-Started-Guide/b/?ie=UTF8&node=15144553011&ref_=sv_a2s_5,1
https://www.amazon.com/b/ref=aeg_nav_flp/ref=s9_acss_bw_cg_aegfnav_2a1_w?node=17934672011&pf_rd_m=ATVPDKIKX0DER&pf_rd_s=merchandised-search-19&pf_rd_r=T30E1XEX5GDXAK04PTBR&pf_rd_t=101&pf_rd_p=b4da7186-e37f-407c-ba88-e6e3f62a56c0&pf_rd_i=17934671011,0
https://www.amazon.com/b/ref=aeg_nav_gs/ref=s9_acss_bw_cg_aegfnav_2b1_w?node=17978645011&pf_rd_m=ATVPDKIKX0DER&pf_rd_s=merchandised-search-19&pf_rd_r=T30E1XEX5GDXAK04PTBR&pf_rd_t=101&pf_rd_p=b4da7186-e37f-407c-ba88-e6e3f62a56c0&pf_rd_i=17934671011,0
https://www.amazon.com/b/ref=aeg_nav_settings/ref=s9_acss_bw_cg_aegfnav_2c1_w?node=17978647011&pf_rd_m=ATVPDKIKX0DER&pf_rd_s=merchandised-search-19&pf_rd_r=T30E1XEX5GDXAK04PTBR&pf_rd_t=101&pf_rd_p=b4da7186-e37f-407c-ba88-e6e3f62a56c0&pf_rd_i=17934671011,0
https://www.amazon.com/b/ref=aeg_lp_gs/ref=s9_acss_bw_cg_aeglp_md1_w?node=17978645011&pf_rd_m=ATVPDKIKX0DER&pf_rd_s=merchandised-search-4&pf_rd_r=T30E1XEX5GDXAK04PTBR&pf_rd_t=101&pf_rd_p=1d944da5-cf76-4f18-bf43-2208bff0e628&pf_rd_i=17934671011,0
https://www.amazon.com/b/ref=aeg_lp_pvcy/ref=s9_acss_bw_cg_aeglp_md1_w?node=19149155011&pf_rd_m=ATVPDKIKX0DER&pf_rd_s=merchandised-search-4&pf_rd_r=T30E1XEX5GDXAK04PTBR&pf_rd_t=101&pf_rd_p=1d944da5-cf76-4f18-bf43-2208bff0e628&pf_rd_i=17934671011,0
https://www.amazon.com/b/ref=aeg_lp_blog_d/ref=s9_acss_bw_cg_aeglp_md1_w?node=17978648011&pf_rd_m=ATVPDKIKX0DER&pf_rd_s=merchandised-search-4&pf_rd_r=T30E1XEX5GDXAK04PTBR&pf_rd_t=101&pf_rd_p=1d944da5-cf76-4f18-bf43-2208bff0e628&pf_rd_i=17934671011,0
https://www.amazon.com/gp/product/B07FZ8S74R/ref=s9_acsd_al_bw_c_x_1_w?pf_rd_m=ATVPDKIKX0DER&pf_rd_s=merchandised-search-20&pf_rd_r=T30E1XEX5GDXAK04PTBR&pf_rd_t=101&pf_rd_p=a06dc2ec-a50e-4987-afdc-c3da67dd39d6&pf_rd_i=17934671011,1
https://www.amazon.com/gp/product/B06XXM5BPP/ref=s9_acsd_al_bw_c_x_2_w?pf_rd_m=ATVPDKIKX0DER&pf_rd_s=merchandised-search-20&pf_rd_r=T30E1XEX5GDXAK04PTBR&pf_rd_t=101&pf_rd_p=a06dc2ec-a50e-4987-afdc-c3da67dd39d6&pf_rd_i=17934671011,1
https://www.amazon.com/gp/product/B073SQYXTW/ref=s9_acsd_al_bw_c_x_3_w?pf_rd_m=ATVPDKIKX0DER&pf_rd_s=merchandised-search-20&pf_rd_r=T30E1XEX5GDXAK04PTBR&pf_rd_t=101&pf_rd_p=a06dc2ec-a50e-4987-afdc-c3da67dd39d6&pf_rd_i=17934671011,1
https://www.amazon.com/gp/product/B07HZLHPKP/ref=s9_acsd_al_bw_c_x_4_w?pf_rd_m=ATVPDKIKX0DER&pf_rd_s=merchandised-search-20&pf_rd_r=T30E1XEX5GDXAK04PTBR&pf_rd_t=101&pf_rd_p=a06dc2ec-a50e-4987-afdc-c3da67dd39d6&pf_rd_i=17934671011,1
https://www.amazon.com/gp/product/B077SXWSRP/ref=s9_acsd_al_bw_c_x_5_w?pf_rd_m=ATVPDKIKX0DER&pf_rd_s=merchandised-search-20&pf_rd_r=T30E1XEX5GDXAK04PTBR&pf_rd_t=101&pf_rd_p=a06dc2ec-a50e-4987-afdc-c3da67dd39d6&pf_rd_i=17934671011,1
https://www.amazon.com/gp/product/B07KZBMBDB/ref=s9_acsd_al_bw_c_x_6_w?pf_rd_m=ATVPDKIKX0DER&pf_rd_s=merchandised-search-20&pf_rd_r=T30E1XEX5GDXAK04PTBR&pf_rd_t=101&pf_rd_p=a06dc2ec-a50e-4987-afdc-c3da67dd39d6&pf_rd_i=17934671011,1
https://www.amazon.com/gp/product/B0753K4CWG/ref=s9_acsd_al_bw_c_x_7_w?pf_rd_m=ATVPDKIKX0DER&pf_rd_s=merchandised-search-20&pf_rd_r=T30E1XEX5GDXAK04PTBR&pf_rd_t=101&pf_rd_p=a06dc2ec-a50e-4987-afdc-c3da67dd39d6&pf_rd_i=17934671011,1
https://www.amazon.com/gp/product/B0791T9CV7/ref=s9_acsd_al_bw_c_x_8_w?pf_rd_m=ATVPDKIKX0DER&pf_rd_s=merchandised-search-20&pf_rd_r=T30E1XEX5GDXAK04PTBR&pf_rd_t=101&pf_rd_p=a06dc2ec-a50e-4987-afdc-c3da67dd39d6&pf_rd_i=17934671011,1
https://www.amazon.com/gp/product/B0794RHPZD/ref=s9_acsd_al_bw_c_x_9_w?pf_rd_m=ATVPDKIKX0DER&pf_rd_s=merchandised-search-20&pf_rd_r=T30E1XEX5GDXAK04PTBR&pf_rd_t=101&pf_rd_p=a06dc2ec-a50e-4987-afdc-c3da67dd39d6&pf_rd_i=17934671011,1
https://www.amazon.com/gp/product/B079QHML21/ref=s9_acsd_al_bw_c_x_10_w?pf_rd_m=ATVPDKIKX0DER&pf_rd_s=merchandised-search-20&pf_rd_r=T30E1XEX5GDXAK04PTBR&pf_rd_t=101&pf_rd_p=a06dc2ec-a50e-4987-afdc-c3da67dd39d6&pf_rd_i=17934671011,1
https://www.amazon.com/gp/product/B01J6RPGKG/ref=s9_acsd_al_bw_c_x_11_w?pf_rd_m=ATVPDKIKX0DER&pf_rd_s=merchandised-search-20&pf_rd_r=T30E1XEX5GDXAK04PTBR&pf_rd_t=101&pf_rd_p=a06dc2ec-a50e-4987-afdc-c3da67dd39d6&pf_rd_i=17934671011,1
https://www.amazon.com/gp/product/B0791TX5P5/ref=s9_acsd_al_bw_c_x_12_w?pf_rd_m=ATVPDKIKX0DER&pf_rd_s=merchandised-search-20&pf_rd_r=T30E1XEX5GDXAK04PTBR&pf_rd_t=101&pf_rd_p=a06dc2ec-a50e-4987-afdc-c3da67dd39d6&pf_rd_i=17934671011,1
https://www.amazon.com/gp/product/B01GEW27DA/ref=s9_acsd_al_bw_c_x_13_w?pf_rd_m=ATVPDKIKX0DER&pf_rd_s=merchandised-search-20&pf_rd_r=T30E1XEX5GDXAK04PTBR&pf_rd_t=101&pf_rd_p=a06dc2ec-a50e-4987-afdc-c3da67dd39d6&pf_rd_i=17934671011,1
https://www.amazon.com/gp/product/B074XLMYY5/ref=s9_acsd_al_bw_c_x_14_w?pf_rd_m=ATVPDKIKX0DER&pf_rd_s=merchandised-search-20&pf_rd_r=T30E1XEX5GDXAK04PTBR&pf_rd_t=101&pf_rd_p=a06dc2ec-a50e-4987-afdc-c3da67dd39d6&pf_rd_i=17934671011,1
https://www.amazon.com/gp/product/B071JN3KYN/ref=s9_acsd_al_bw_c_x_15_w?pf_rd_m=ATVPDKIKX0DER&pf_rd_s=merchandised-search-20&pf_rd_r=T30E1XEX5GDXAK04PTBR&pf_rd_t=101&pf_rd_p=a06dc2ec-a50e-4987-afdc-c3da67dd39d6&pf_rd_i=17934671011,1
https://www.amazon.com/gp/product/B06W2LQY6L/ref=s9_acsd_al_bw_c_x_16_w?pf_rd_m=ATVPDKIKX0DER&pf_rd_s=merchandised-search-20&pf_rd_r=T30E1XEX5GDXAK04PTBR&pf_rd_t=101&pf_rd_p=a06dc2ec-a50e-4987-afdc-c3da67dd39d6&pf_rd_i=17934671011,1
https://www.amazon.com/gp/product/B07H65KP63/ref=s9_acsd_al_bw_c_x_17_w?pf_rd_m=ATVPDKIKX0DER&pf_rd_s=merchandised-search-20&pf_rd_r=T30E1XEX5GDXAK04PTBR&pf_rd_t=101&pf_rd_p=a06dc2ec-a50e-4987-afdc-c3da67dd39d6&pf_rd_i=17934671011,1
https://www.amazon.com/gp/product/B0756CYWWD/ref=s9_acsd_al_bw_c_x_18_w?pf_rd_m=ATVPDKIKX0DER&pf_rd_s=merchandised-search-20&pf_rd_r=T30E1XEX5GDXAK04PTBR&pf_rd_t=101&pf_rd_p=a06dc2ec-a50e-4987-afdc-c3da67dd39d6&pf_rd_i=17934671011,1
https://www.amazon.com/gp/product/B07BRKBP2N/ref=s9_acsd_al_bw_c_x_19_w?pf_rd_m=ATVPDKIKX0DER&pf_rd_s=merchandised-search-20&pf_rd_r=T30E1XEX5GDXAK04PTBR&pf_rd_t=101&pf_rd_p=a06dc2ec-a50e-4987-afdc-c3da67dd39d6&pf_rd_i=17934671011,1
https://www.amazon.com/gp/kindle/ku/sign-up/ui/rw/about?ie=UTF8&ref_=sd_allcat_ods_tab_con_ku,0
https://www.amazon.com/dp/B01I499BNA?_encoding=UTF8&ref_=sd_allcat_ods_tab_gno_ftu,0
https://www.amazon.com/gp/product/B07FKR6KXF/ref=s9_acsd_al_bw_c_x_1_w?pf_rd_m=ATVPDKIKX0DER&pf_rd_s=merchandised-search-1&pf_rd_r=6PA1H5ADGRA8H82P51RT&pf_rd_t=101&pf_rd_p=8a44eda0-c16a-43fe-8e5e-827bff8d167b&pf_rd_i=6669703011,1
https://www.amazon.com/gp/product/B0794RHPZD/ref=s9_acsd_al_bw_c_x_2_w?pf_rd_m=ATVPDKIKX0DER&pf_rd_s=merchandised-search-1&pf_rd_r=6PA1H5ADGRA8H82P51RT&pf_rd_t=101&pf_rd_p=8a44eda0-c16a-43fe-8e5e-827bff8d167b&pf_rd_i=6669703011,1
https://www.amazon.com/gp/product/B01J6RPGKG/ref=s9_acsd_al_bw_c_x_3_w?pf_rd_m=ATVPDKIKX0DER&pf_rd_s=merchandised-search-1&pf_rd_r=6PA1H5ADGRA8H82P51RT&pf_rd_t=101&pf_rd_p=8a44eda0-c16a-43fe-8e5e-827bff8d167b&pf_rd_i=6669703011,1
https://www.amazon.com/gp/product/B07Q5VGVP4/ref=s9_acsd_al_bw_c_x_1_w?pf_rd_m=ATVPDKIKX0DER&pf_rd_s=merchandised-search-3&pf_rd_r=6PA1H5ADGRA8H82P51RT&pf_rd_t=101&pf_rd_p=04b3ea0a-9228-4264-b45a-25b5faa684f4&pf_rd_i=6669703011,1
https://www.amazon.com/gp/product/B07NHZJZ4Y/ref=s9_acsd_al_bw_c_x_2_w?pf_rd_m=ATVPDKIKX0DER&pf_rd_s=merchandised-search-3&pf_rd_r=6PA1H5ADGRA8H82P51RT&pf_rd_t=101&pf_rd_p=04b3ea0a-9228-4264-b45a-25b5faa684f4&pf_rd_i=6669703011,1
https://www.amazon.com/gp/product/B07Q96V3WJ/ref=s9_acsd_al_bw_c_x_3_w?pf_rd_m=ATVPDKIKX0DER&pf_rd_s=merchandised-search-3&pf_rd_r=6PA1H5ADGRA8H82P51RT&pf_rd_t=101&pf_rd_p=04b3ea0a-9228-4264-b45a-25b5faa684f4&pf_rd_i=6669703011,1
https://www.amazon.com/gp/product/B07H8WS1FT/ref=s9_acsd_al_bw_c_x_4_w?pf_rd_m=ATVPDKIKX0DER&pf_rd_s=merchandised-search-1&pf_rd_r=6PA1H5ADGRA8H82P51RT&pf_rd_t=101&pf_rd_p=8a44eda0-c16a-43fe-8e5e-827bff8d167b&pf_rd_i=6669703011,1
https://www.amazon.com/gp/product/B078HQBS21/ref=s9_acsd_al_bw_c_x_5_w?pf_rd_m=ATVPDKIKX0DER&pf_rd_s=merchandised-search-1&pf_rd_r=6PA1H5ADGRA8H82P51RT&pf_rd_t=101&pf_rd_p=8a44eda0-c16a-43fe-8e5e-827bff8d167b&pf_rd_i=6669703011,1
https://www.amazon.com/gp/product/B079Z8PLYW/ref=s9_acsd_al_bw_c_x_6_w?pf_rd_m=ATVPDKIKX0DER&pf_rd_s=merchandised-search-1&pf_rd_r=6PA1H5ADGRA8H82P51RT&pf_rd_t=101&pf_rd_p=8a44eda0-c16a-43fe-8e5e-827bff8d167b&pf_rd_i=6669703011,1
https://www.amazon.com/gp/product/B07R5R7JB1/ref=s9_acsd_al_bw_c_x_4_w?pf_rd_m=ATVPDKIKX0DER&pf_rd_s=merchandised-search-3&pf_rd_r=6PA1H5ADGRA8H82P51RT&pf_rd_t=101&pf_rd_p=04b3ea0a-9228-4264-b45a-25b5faa684f4&pf_rd_i=6669703011,1
https://www.amazon.com/gp/product/B07Q5VGJYT/ref=s9_acsd_al_bw_c_x_5_w?pf_rd_m=ATVPDKIKX0DER&pf_rd_s=merchandised-search-3&pf_rd_r=6PA1H5ADGRA8H82P51RT&pf_rd_t=101&pf_rd_p=04b3ea0a-9228-4264-b45a-25b5faa684f4&pf_rd_i=6669703011,1
https://www.amazon.com/gp/product/B07DDDPWML/ref=s9_acsd_al_bw_c_x_6_w?pf_rd_m=ATVPDKIKX0DER&pf_rd_s=merchandised-search-3&pf_rd_r=6PA1H5ADGRA8H82P51RT&pf_rd_t=101&pf_rd_p=04b3ea0a-9228-4264-b45a-25b5faa684f4&pf_rd_i=6669703011,1
https://www.amazon.com/gp/product/B07FQVQZKN/ref=s9_acsd_al_bw_c_x_7_w?pf_rd_m=ATVPDKIKX0DER&pf_rd_s=merchandised-search-1&pf_rd_r=6PA1H5ADGRA8H82P51RT&pf_rd_t=101&pf_rd_p=8a44eda0-c16a-43fe-8e5e-827bff8d167b&pf_rd_i=6669703011,1
https://www.amazon.com/gp/product/B01J94YIT6/ref=s9_acsd_al_bw_c_x_8_w?pf_rd_m=ATVPDKIKX0DER&pf_rd_s=merchandised-search-1&pf_rd_r=6PA1H5ADGRA8H82P51RT&pf_rd_t=101&pf_rd_p=8a44eda0-c16a-43fe-8e5e-827bff8d167b&pf_rd_i=6669703011,1
https://www.amazon.com/gp/product/B01J94SBEY/ref=s9_acsd_al_bw_c_x_9_w?pf_rd_m=ATVPDKIKX0DER&pf_rd_s=merchandised-search-1&pf_rd_r=6PA1H5ADGRA8H82P51RT&pf_rd_t=101&pf_rd_p=8a44eda0-c16a-43fe-8e5e-827bff8d167b&pf_rd_i=6669703011,1
https://www.amazon.com/gp/product/B07R5R7JB1/ref=s9_acsd_al_bw_c_x_4_w?pf_rd_m=ATVPDKIKX0DER&pf_rd_s=merchandised-search-3&pf_rd_r=6PA1H5ADGRA8H82P51RT&pf_rd_t=101&pf_rd_p=04b3ea0a-9228-4264-b45a-25b5faa684f4&pf_rd_i=6669703011,1
https://www.amazon.com/gp/product/B07Q5VGJYT/ref=s9_acsd_al_bw_c_x_5_w?pf_rd_m=ATVPDKIKX0DER&pf_rd_s=merchandised-search-3&pf_rd_r=6PA1H5ADGRA8H82P51RT&pf_rd_t=101&pf_rd_p=04b3ea0a-9228-4264-b45a-25b5faa684f4&pf_rd_i=6669703011,1
https://www.amazon.com/gp/product/B07DDDPWML/ref=s9_acsd_al_bw_c_x_6_w?pf_rd_m=ATVPDKIKX0DER&pf_rd_s=merchandised-search-3&pf_rd_r=6PA1H5ADGRA8H82P51RT&pf_rd_t=101&pf_rd_p=04b3ea0a-9228-4264-b45a-25b5faa684f4&pf_rd_i=6669703011,1
https://www.amazon.com/gp/product/B01GEW27DA/ref=s9_acsd_al_bw_c_x_10_w?pf_rd_m=ATVPDKIKX0DER&pf_rd_s=merchandised-search-1&pf_rd_r=6PA1H5ADGRA8H82P51RT&pf_rd_t=101&pf_rd_p=8a44eda0-c16a-43fe-8e5e-827bff8d167b&pf_rd_i=6669703011,1
https://www.amazon.com/gp/product/B01J90MSDS/ref=s9_acsd_al_bw_c_x_11_w?pf_rd_m=ATVPDKIKX0DER&pf_rd_s=merchandised-search-1&pf_rd_r=6PA1H5ADGRA8H82P51RT&pf_rd_t=101&pf_rd_p=8a44eda0-c16a-43fe-8e5e-827bff8d167b&pf_rd_i=6669703011,1
https://www.amazon.com/gp/product/B07F18LND4?storeType=ebooks&pf_rd_t=40901&pd_rd_i=B07F18LND4&pf_rd_m=A2R2RITDJNW1Q6&pageType=STOREFRONT&pf_rd_p=f6df1b3c-b603-43b2-a799-fe9150612dc1&pf_rd_r=B2AYN9ZBY1WX9ST8DCEN&pd_rd_wg=XEYub&pf_rd_s=merchandised-search-3&ref_=dbs_f_ebk_rwt_wigo_HCcsf_ms3_kmw_ae642e4b-ad2c-4298-8dd0-2f96f1b&pd_rd_w=XgXkt&pf_rd_i=154606011&pd_rd_r=0975d1a4-0cb7-47e2-9d3e-9cae956bd8fb,1
https://www.amazon.com/gp/product/B07NL5VP9J?storeType=ebooks&pf_rd_t=40901&pd_rd_i=B07NL5VP9J&pf_rd_m=A2R2RITDJNW1Q6&pageType=STOREFRONT&pf_rd_p=f6df1b3c-b603-43b2-a799-fe9150612dc1&pf_rd_r=B2AYN9ZBY1WX9ST8DCEN&pd_rd_wg=XEYub&pf_rd_s=merchandised-search-3&ref_=dbs_f_ebk_rwt_wigo_HCcsf_ms3_kmw_ae642e4b-ad2c-4298-8dd0-2f96f1b&pd_rd_w=XgXkt&pf_rd_i=154606011&pd_rd_r=0975d1a4-0cb7-47e2-9d3e-9cae956bd8fb,1
https://www.amazon.com/gp/product/B07J564ZHD?storeType=ebooks&pf_rd_t=40901&pd_rd_i=B07J564ZHD&pf_rd_m=A2R2RITDJNW1Q6&pageType=STOREFRONT&pf_rd_p=f6df1b3c-b603-43b2-a799-fe9150612dc1&pf_rd_r=B2AYN9ZBY1WX9ST8DCEN&pd_rd_wg=XEYub&pf_rd_s=merchandised-search-3&ref_=dbs_f_ebk_rwt_wigo_HCcsf_ms3_kmw_ae642e4b-ad2c-4298-8dd0-2f96f1b&pd_rd_w=XgXkt&pf_rd_i=154606011&pd_rd_r=0975d1a4-0cb7-47e2-9d3e-9cae956bd8fb,1
https://www.amazon.com/gp/product/B07HQ5S1NW?storeType=ebooks&pf_rd_t=40901&pd_rd_i=B07HQ5S1NW&pf_rd_m=A2R2RITDJNW1Q6&pageType=STOREFRONT&pf_rd_p=ae642e4b-ad2c-4298-8dd0-2f96f1bbdbdd&pf_rd_r=B2AYN9ZBY1WX9ST8DCEN&pd_rd_wg=XEYub&pf_rd_s=merchandised-search-3&ref_=dbs_f_ebk_rwt_wigo_ts_ms3_kmw_ae642e4b-ad2c-4298-8dd0-2f96f1bbdb&pd_rd_w=nwkgx&pf_rd_i=154606011&pd_rd_r=0975d1a4-0cb7-47e2-9d3e-9cae956bd8fb,1
https://www.amazon.com/gp/product/B07DTB52HJ?storeType=ebooks&pf_rd_t=40901&pd_rd_i=B07DTB52HJ&pf_rd_m=A2R2RITDJNW1Q6&pageType=STOREFRONT&pf_rd_p=ae642e4b-ad2c-4298-8dd0-2f96f1bbdbdd&pf_rd_r=B2AYN9ZBY1WX9ST8DCEN&pd_rd_wg=XEYub&pf_rd_s=merchandised-search-3&ref_=dbs_f_ebk_rwt_wigo_ts_ms3_kmw_ae642e4b-ad2c-4298-8dd0-2f96f1bbdb&pd_rd_w=nwkgx&pf_rd_i=154606011&pd_rd_r=0975d1a4-0cb7-47e2-9d3e-9cae956bd8fb,1
https://www.amazon.com/gp/product/B07MQRH93T?storeType=ebooks&pf_rd_t=40901&pd_rd_i=B07MQRH93T&pf_rd_m=A2R2RITDJNW1Q6&pageType=STOREFRONT&pf_rd_p=ae642e4b-ad2c-4298-8dd0-2f96f1bbdbdd&pf_rd_r=B2AYN9ZBY1WX9ST8DCEN&pd_rd_wg=XEYub&pf_rd_s=merchandised-search-3&ref_=dbs_f_ebk_rwt_wigo_ts_ms3_kmw_ae642e4b-ad2c-4298-8dd0-2f96f1bbdb&pd_rd_w=nwkgx&pf_rd_i=154606011&pd_rd_r=0975d1a4-0cb7-47e2-9d3e-9cae956bd8fb,1
https://www.amazon.com/gp/product/B006YBRK52?storeType=ebooks&pf_rd_t=40901&pd_rd_i=B006YBRK52&pf_rd_m=A2R2RITDJNW1Q6&pageType=STOREFRONT&pf_rd_p=ae642e4b-ad2c-4298-8dd0-2f96f1bbdbdd&pf_rd_r=B2AYN9ZBY1WX9ST8DCEN&pd_rd_wg=XEYub&pf_rd_s=merchandised-search-3&ref_=dbs_f_ebk_rwt_wigo_rfyd_ms3_kmw_ae642e4b-ad2c-4298-8dd0-2f96f1bb&pd_rd_w=swC36&pf_rd_i=154606011&pd_rd_r=0975d1a4-0cb7-47e2-9d3e-9cae956bd8fb,1
https://www.amazon.com/gp/product/B008RZDOJO?storeType=ebooks&pf_rd_t=40901&pd_rd_i=B008RZDOJO&pf_rd_m=A2R2RITDJNW1Q6&pageType=STOREFRONT&pf_rd_p=ae642e4b-ad2c-4298-8dd0-2f96f1bbdbdd&pf_rd_r=B2AYN9ZBY1WX9ST8DCEN&pd_rd_wg=XEYub&pf_rd_s=merchandised-search-3&ref_=dbs_f_ebk_rwt_wigo_rfyd_ms3_kmw_ae642e4b-ad2c-4298-8dd0-2f96f1bb&pd_rd_w=swC36&pf_rd_i=154606011&pd_rd_r=0975d1a4-0cb7-47e2-9d3e-9cae956bd8fb,1
https://www.amazon.com/gp/product/B06XWR6BC3?storeType=ebooks&pf_rd_t=40901&pd_rd_i=B06XWR6BC3&pf_rd_m=A2R2RITDJNW1Q6&pageType=STOREFRONT&pf_rd_p=ae642e4b-ad2c-4298-8dd0-2f96f1bbdbdd&pf_rd_r=B2AYN9ZBY1WX9ST8DCEN&pd_rd_wg=XEYub&pf_rd_s=merchandised-search-3&ref_=dbs_f_ebk_rwt_wigo_rfyd_ms3_kmw_ae642e4b-ad2c-4298-8dd0-2f96f1bb&pd_rd_w=swC36&pf_rd_i=154606011&pd_rd_r=0975d1a4-0cb7-47e2-9d3e-9cae956bd8fb,1
https://www.amazon.com/gp/product/B07RPCW6YV?storeType=ebooks&pf_rd_t=40901&pd_rd_i=B07RPCW6YV&pf_rd_m=A2R2RITDJNW1Q6&pageType=STOREFRONT&pf_rd_p=ae642e4b-ad2c-4298-8dd0-2f96f1bbdbdd&pf_rd_r=B2AYN9ZBY1WX9ST8DCEN&pd_rd_wg=XEYub&pf_rd_s=merchandised-search-3&ref_=dbs_f_ebk_rwt_wigo_nfy_ms3_kmw_ae642e4b-ad2c-4298-8dd0-2f96f1bbd&pd_rd_w=dfJsa&pf_rd_i=154606011&pd_rd_r=0975d1a4-0cb7-47e2-9d3e-9cae956bd8fb,1
https://www.amazon.com/gp/product/B07W6WJG7Z?storeType=ebooks&pf_rd_t=40901&pd_rd_i=B07W6WJG7Z&pf_rd_m=A2R2RITDJNW1Q6&pageType=STOREFRONT&pf_rd_p=ae642e4b-ad2c-4298-8dd0-2f96f1bbdbdd&pf_rd_r=B2AYN9ZBY1WX9ST8DCEN&pd_rd_wg=XEYub&pf_rd_s=merchandised-search-3&ref_=dbs_f_ebk_rwt_wigo_nfy_ms3_kmw_ae642e4b-ad2c-4298-8dd0-2f96f1bbd&pd_rd_w=dfJsa&pf_rd_i=154606011&pd_rd_r=0975d1a4-0cb7-47e2-9d3e-9cae956bd8fb,1
